starttime,1000,1001,1002,1003,1004,1005,1006,1007,1008,1009,1010,1011,1012,1013,1014,1015,1016,1017,1018,1019,1020,1021,1022,1023,1024,1025,1026,1027,1028,1029,1030,1031,1032,1033,1034,1035,1036,1037,1038,1039,1040,1041,1042,1043,1044,1045,1046,1047,1048,1049,1050,1051,1052,1053,1054,1055,1056,1057,1058,1059,1060,1061,1062,1063,1064,1065,1066,1067,1068,1069,1070,1071,1072,1073,1074,1075,1076,1077,1078,1079,1080,1081,1082,1083,1084,1085,1086,1087,1088,1089,1090,1091,1092,1093,1094,1095,1096,1097,1098,1099,1100,1101,1102,1103,1104,1105,1106,1107,1108,1109,1110,1111,1112,1113,1114,1115,1116,1117,1118,1119,1120,1121,1122,1123,1124,1125,1126,1127,1128,1129,1130,1131,1132,1133,1134,1135,1136,1137,1138,1139,1140,1141,1142,1143,1144,1145,1146,1147,1148,1149,1150,1151,1152,1153,1154,1155,1156,1157,1158,1159,1160,1161,1162,1163,1164,1165,1166,1167,1168,1169,1170,1171,1172,1173,1174,1175,1176,1177,1178,1179,1180,1181,1182,1183,1184,1185,1186,1187,1188,1189,1190,1191,1192,1193,1194,1195,1196,1197,1198,1199,1200,1201,1202,1203,1204,1205,1206,1207,1208,1209,1210,1211,1212,1213,1214,1215,1216,1217,1218,1219,1220,1221,1222,1223,1224,1225,1226,1227,1228,1229,1230,1231,1232,1233,1234,1235,1236,1237,1238,1239,1240,1241,1242,1243,1244,1245,1246,1247,1248,1249,1250,1251,1252,1253,1254,1255,1256,1257,1258,1259,1260,1261,1262,1263,1264,1265,1266,1267,1268,1269,1270,1271,1272,1273,1274,1275,1276,1277,1278,1279,1280,1281,1282,1283,1284,1285,1286,1287,1288,1289,1290,1291,1292,1293,1294,1295,1296,1297,1298,1299,1300,1301,1302,1303,1304,1305,1306,1307,1308,1309,1310,1311,1312,1313,1314,1315,1316,1317,1318,1319,1320,1321,1322,1323,1324,1325,1326,1327,1328,1329,1330,1331,1332,1333,1334,1335,1336,1337,1338,1339,1340,1341,1342,1343,1344,1345,1346,1347,1348,1349,1350,1351,1352,1353,1354,1355,1356,1357,1358,1359,1360,1361,1362,1363,1364,1365,1366,1367,1368,1369,1370,1371,1372,1373,1374,1375,1376,1377,1378,1379,1380,1381,1382,1383,1384,1385,1386,1387,1388,1389,1390,1391,1392,1393,1394,1395,1396,1397,1398,1399,1400,1401,1402,1403,1404,1405,1406,1407,1408,1409,1410,1411,1412,1413,1414,1415,1416,1417,1418,1419,1420,1421,1422,1423,1424,1425,1426,1427,1428,1429,1430,1431,1432,1433,1434,1435,1436,1437,1438,1439,1440,1441,1442,1443,1444,1445,1446,1447,1448,1449,1450,1451,1452,1453,1454,1455,1456,1457,1458,1459,1460,1461,1462,1463,1464,1465,1466,1467,1468,1469,1470,1471,1472,1473,1474,1475,1476,1477,1478,1479,1480,1481,1482,1483,1484,1485,1486,1487,1488,1489,1490,1491,1492,1493,1494,1495,1496,1497,1498,1499,1500,1501,1502,1503,1504,1505,1506,1507,1508,1509,1510,1511,1512,1513,1514,1515,1516,1517,1518,1519,1520,1521,1522,1523,1524,1525,1526,1527,1528,1529,1530,1531,1532,1533,1534,1535,1536,1537,1538,1539,1540,1541,1542
2013-07-31,2343,3914,6979,2750,4914,2229,2183,3139,3622,2368,3867,3926,4138,3086,5817,3176,3222,3879,1603,7048,2902,7290,5655,3568,2576,3725,3199,7167,3003,3832,3696,2645,2202,1085,3076,2209,1708,2609,4320,1610,3626,2978,3881,1999,3090,793,4121,3426,2216,7814,1872,1771,3562,3054,2664,1640,2688,4272,3548,3595,4014,2490,2432,2875,1048,2789,876,4340,5738,906,2903,4331,2891,3469,3827,8049,2859,5290,601,2543,2874,3905,3882,1676,5420,4095,3521,1684,1567,4638,3577,3378,2906,1920,4064,3605,3062,3224,3366,2571,2033,4660,3896,2773,2799,916,6294,333,1886,3495,3327,2591,4223,1260,3763,3830,4321,3686,294,2799,2392,3636,867,4012,1959,4322,3510,2850,2677,5034,3983,3114,7387,2813,3724,1290,2081,852,2328,3575,2544,1701,2406,1742,2510,3798,5202,6090,3454,2173,3147,4897,2401,2654,1103,2378,1057,2248,1041,4474,4514,3221,4127,3367,4526,885,2346,1845,2369,2733,1965,851,2449,1336,2497,3664,2747,3102,572,6829,1886,3592,3611,1589,2603,2430,3267,4848,2687,6259,4488,1643,2072,2218,2069,2391,5340,1320,2043,1869,2984,1116,2501,2823,3456,2363,1992,4492,2143,510,2317,1651,946,2904,1617,520,331,4274,651,3106,3226,855,3669,1596,1654,2924,5008,3050,937,1280,1669,1880,2745,2687,1562,2261,6162,2298,1141,2193,2728,2534,2591,491,1244,2972,1995,1107,1121,1852,810,1173,643,3079,392,894,3965,1937,2476,363,477,876,505,2878,763,2703,1792,5789,2802,717,2500,606,1248,3311,1686,566,2131,806,417,981,2814,1939,1589,714,1899,930,826,619,1920,441,582,910,2229,466,1604,399,585,647,5046,1687,1153,2681,225,882,508,1956,1090,488,552,2026,3646,1148,363,329,946,1904,335,396,1338,803,2472,562,175,116,162,295,117,1254,1362,0,0,0,0,0,0,0,0,0,0,0,0,0,0,0,0,0,0,0,0,0,0,0,0,0,0,0,0,0,0,0,0,0,0,0,0,0,0,0,0,0,0,0,0,0,0,0,0,0,0,0,0,0,0,0,0,0,0,0,0,0,0,0,0,0,0,0,0,0,0,0,0,0,0,0,0,0,0,0,0,0,0,0,0,0,0,0,0,0,0,0,0,0,0,0,0,0,0,0,0,0,0,0,0,0,0,0,0,0,0,0,0,0,0,0,0,0,0,0,0,0,0,0,0,0,0,0,0,0,0,0,0,0,0,0,0,0,0,0,0,0,0,0,0,0,0,0,0,0,0,0,0,0,0,0,0,0,0,0,0,0,0,0,0,0,0,0,0,0,0,0,0,0,0,0,0,0,0,0,0,0,0,0,0,0,0,0,0,0,0,0,0,0,0,0,0,0,0,0,0,0,0,0,0,0,0,0,0,0,0,0,0,0,0
2013-08-31,2696,4429,9020,3433,6645,2768,2761,3422,4271,2910,4843,4625,4583,3786,7175,3622,3891,4379,1458,7993,3487,9721,7417,4306,2892,4142,3153,8443,3739,4279,5103,2684,2742,1039,3417,2794,2329,3120,4989,2008,4283,3110,4442,2679,3405,891,5353,4588,2574,9874,2071,1766,3967,3556,3067,1928,2751,6394,4576,4390,4270,2043,3485,3207,1511,3739,963,5062,6516,1036,3933,5322,4145,4176,4545,9631,3422,7115,609,3006,3130,5569,4304,1868,6006,4119,5107,1656,1692,5456,3929,4150,3269,1187,4288,5329,3769,4003,3946,3227,2354,5652,4157,3116,3653,1020,7416,639,2428,4101,3848,2968,5304,1577,4733,4469,5643,4078,537,2866,2838,4275,872,4728,2229,4954,4381,3245,2586,4588,4577,2954,9253,3933,4624,1300,2545,1071,2998,3675,3109,2243,2884,2269,2591,4217,6308,7003,3299,2532,4134,6811,2644,3008,1343,1780,1313,2517,1170,5603,5570,3833,5238,3762,5891,1093,2805,2267,2466,3173,2369,1031,2572,1408,2822,4155,3404,3838,740,7420,2341,4234,3722,1813,2828,2953,3935,5651,3030,7840,5392,1687,2439,2558,2461,3044,5743,1461,2288,2548,3223,1177,2784,3533,4246,2555,2300,5932,2539,1195,2484,1604,1202,3430,1899,575,314,5018,577,3203,3703,954,3722,1432,1963,3682,5946,4107,858,1473,1895,1949,3077,3482,1638,2478,6128,2483,1406,2665,3288,3424,2993,547,1267,3902,2296,1088,1196,2058,645,1238,709,3731,533,928,4579,2309,3921,1544,583,1368,613,3123,859,3384,2120,5830,3554,788,2243,805,1403,5011,2190,1070,2422,429,649,1079,2856,2608,1757,1005,2237,930,1929,674,2426,463,595,1948,2537,606,1743,459,536,2070,5825,2360,1191,3224,375,866,599,4372,1202,455,657,2326,3932,1432,372,386,934,1951,516,407,1404,771,3001,861,204,115,185,280,185,1900,2820,214,0,0,0,0,0,0,0,0,0,0,0,0,0,0,0,0,0,0,0,0,0,0,0,0,0,0,0,0,0,0,0,0,0,0,0,0,0,0,0,0,0,0,0,0,0,0,0,0,0,0,0,0,0,0,0,0,0,0,0,0,0,0,0,0,0,0,0,0,0,0,0,0,0,0,0,0,0,0,0,0,0,0,0,0,0,0,0,0,0,0,0,0,0,0,0,0,0,0,0,0,0,0,0,0,0,0,0,0,0,0,0,0,0,0,0,0,0,0,0,0,0,0,0,0,0,0,0,0,0,0,0,0,0,0,0,0,0,0,0,0,0,0,0,0,0,0,0,0,0,0,0,0,0,0,0,0,0,0,0,0,0,0,0,0,0,0,0,0,0,0,0,0,0,0,0,0,0,0,0,0,0,0,0,0,0,0,0,0,0,0,0,0,0,0,0,0,0,0,0,0,0,0,0,0,0,0,0,0,0,0,0,0,0
2013-09-30,2878,5258,9814,3739,7837,3206,2747,3590,4618,2885,5065,4680,4989,4069,7438,3667,3900,4897,1555,9252,3364,10288,7592,4014,3216,4142,4162,8152,3050,4450,4981,2587,2665,961,3703,3315,1994,3065,4728,2151,4789,3338,4724,3351,4182,1026,5546,5086,2585,9890,2232,1753,4057,3438,2992,1873,3839,7817,4777,4776,4690,2383,2778,3112,2601,3414,1119,5663,6328,1100,3963,5225,4264,4385,5022,10532,3864,5945,602,2743,3433,6329,5227,1824,6518,4792,5982,1695,1818,5958,5160,4456,3161,1182,4206,4987,3742,4075,3805,3240,1735,6060,3398,2826,4254,1022,7587,818,2629,4430,3761,3158,5466,1541,4749,4867,7020,4353,390,3137,2991,4166,759,5361,2165,5732,4255,3098,2845,2616,4495,1429,9248,3821,4614,1349,2513,928,4098,3153,3212,2370,2628,2301,2533,4220,5807,7586,2806,2577,5316,7828,2693,3304,1427,2359,1539,2527,1174,5848,5651,3664,5002,3877,6393,980,3327,2095,2463,3518,2555,761,3686,1472,3003,4332,3739,4298,814,6285,2479,4239,4473,1791,3675,3373,4449,5708,3616,5495,5564,1586,2475,2678,2536,3035,5377,1273,2446,2053,3057,1127,2594,3881,4190,2467,2405,6057,2494,1277,2035,681,1184,4000,1928,463,379,5597,551,3235,4129,883,3213,1449,2008,3553,5943,4291,926,1505,1667,2067,3163,3531,1229,3239,4924,2713,1393,2313,2851,2839,2887,617,1282,3757,2651,1105,1356,2159,797,1273,801,2965,514,808,5026,2429,4340,1470,712,1154,647,3150,792,3907,1884,4971,3212,787,2147,858,1278,4353,2089,1052,2574,1933,531,1418,2747,2742,1689,1981,2246,925,2166,687,2432,553,634,2353,1754,606,2041,441,763,2185,6072,2386,1249,3093,278,1138,496,5314,1098,383,570,2390,4878,1225,407,341,959,1759,475,507,1342,857,3082,827,194,87,197,297,280,2002,2897,2031,0,0,0,0,0,0,0,0,0,0,0,0,0,0,0,0,0,0,0,0,0,0,0,0,0,0,0,0,0,0,0,0,0,0,0,0,0,0,0,0,0,0,0,0,0,0,0,0,0,0,0,0,0,0,0,0,0,0,0,0,0,0,0,0,0,0,0,0,0,0,0,0,0,0,0,0,0,0,0,0,0,0,0,0,0,0,0,0,0,0,0,0,0,0,0,0,0,0,0,0,0,0,0,0,0,0,0,0,0,0,0,0,0,0,0,0,0,0,0,0,0,0,0,0,0,0,0,0,0,0,0,0,0,0,0,0,0,0,0,0,0,0,0,0,0,0,0,0,0,0,0,0,0,0,0,0,0,0,0,0,0,0,0,0,0,0,0,0,0,0,0,0,0,0,0,0,0,0,0,0,0,0,0,0,0,0,0,0,0,0,0,0,0,0,0,0,0,0,0,0,0,0,0,0,0,0,0,0,0,0,0,0,0
2013-10-31,2920,4409,10456,3520,8928,3237,2530,3909,4169,2542,5058,4321,5239,4433,7394,3524,4407,5132,1425,11196,3616,11169,7617,4139,2804,4216,4746,9114,2472,4001,4725,3166,2162,919,4797,3192,2187,3586,5201,2204,5061,3347,4794,2936,4227,1126,2003,5278,2080,10606,2360,1594,4246,3419,3018,1942,4332,6331,4673,5044,4809,2489,2529,3349,2465,4061,401,5275,6006,1088,4274,7902,3709,4046,5126,9792,3837,5386,632,2600,3028,6538,5622,1646,7847,5956,6376,1316,1884,6213,5985,2445,4327,2835,4480,6010,3811,4079,3959,3481,1272,5846,3136,3185,4939,1023,6881,996,2784,5102,3640,3101,5472,1061,4629,4645,7509,3918,296,3424,3164,4212,790,4950,1978,6793,4172,3055,4666,2597,3856,1736,8065,4292,4696,1464,2308,814,4209,3325,3483,2211,2596,2265,2677,5726,5303,6806,2364,2492,1925,7969,3007,3363,1353,2282,1698,2586,1093,6267,5788,3854,5217,3857,7167,753,3274,1670,2021,3458,2612,679,4031,1285,3152,4794,3490,5053,828,5458,2505,4716,4256,1656,4420,3580,2301,5587,3303,7819,5867,1035,2624,2254,2486,3038,5128,1291,2281,2042,3273,1027,2516,1349,4634,2553,2329,5435,2360,1484,1686,1520,964,4460,2108,376,560,5758,539,2774,4122,566,3015,1517,1826,3639,6109,4282,779,1429,2127,1962,2929,3277,1505,3868,4108,3199,1236,2169,2908,2318,2702,526,1141,3677,2639,1204,1467,1180,695,1002,606,2646,512,954,5750,1862,5469,1700,762,885,587,3790,799,3832,1877,4119,2873,716,3463,972,1034,3562,2344,977,2463,2156,498,1533,2366,2820,2142,2147,2291,976,2421,670,1923,472,538,3591,2316,540,1991,461,682,2385,5899,2432,1227,3408,317,1264,443,4178,1023,482,502,2311,4620,941,524,313,614,1506,425,292,1240,696,3372,575,208,96,218,280,269,1713,3059,2054,0,0,0,0,0,0,0,0,0,0,0,0,0,0,0,0,0,0,0,0,0,0,0,0,0,0,0,0,0,0,0,0,0,0,0,0,0,0,0,0,0,0,0,0,0,0,0,0,0,0,0,0,0,0,0,0,0,0,0,0,0,0,0,0,0,0,0,0,0,0,0,0,0,0,0,0,0,0,0,0,0,0,0,0,0,0,0,0,0,0,0,0,0,0,0,0,0,0,0,0,0,0,0,0,0,0,0,0,0,0,0,0,0,0,0,0,0,0,0,0,0,0,0,0,0,0,0,0,0,0,0,0,0,0,0,0,0,0,0,0,0,0,0,0,0,0,0,0,0,0,0,0,0,0,0,0,0,0,0,0,0,0,0,0,0,0,0,0,0,0,0,0,0,0,0,0,0,0,0,0,0,0,0,0,0,0,0,0,0,0,0,0,0,0,0,0,0,0,0,0,0,0,0,0,0,0,0,0,0,0,0,0,0
2013-11-30,1883,2731,6384,2446,5201,2085,1415,2727,3146,1539,2811,2914,3932,2792,5303,2289,2924,3525,894,8011,3319,7235,5028,2693,1835,2982,2955,5620,1047,2743,3189,2153,1221,644,3272,1804,1387,2394,3351,1310,3246,2191,3411,1894,3168,733,2507,3690,1544,7256,1638,911,2541,1860,2297,1364,2832,3474,3089,4151,3214,1537,1719,1866,1209,2883,226,2908,3836,611,2986,4094,2232,2914,3491,5617,2912,2974,430,1510,1985,4112,3531,1006,5750,3629,4348,923,1397,4081,3899,1029,2364,1864,2565,3916,2726,3131,2630,2482,619,4285,1918,1835,2928,599,3841,657,1787,3527,2137,2138,3527,534,2653,3149,4949,2607,144,2209,2105,2951,525,2853,1346,4541,2376,2071,2574,1686,2655,1220,4083,2813,3295,1080,1515,500,2865,2122,2387,1692,1596,1372,1598,4007,3958,4513,975,1482,3183,6365,1874,1879,816,1482,1259,1798,680,3465,3387,2704,3664,2324,4946,511,1890,908,1073,2296,1701,349,2850,796,2033,3422,2273,3526,437,3044,1661,3005,3114,1249,3188,2333,1386,2985,2318,5376,3805,409,1841,1271,1457,2066,3286,763,1366,1164,2889,734,1447,2650,2726,1904,1303,4303,1503,1044,1033,1074,632,3102,1376,255,283,3788,411,1740,2770,251,1697,1188,1170,2639,3499,3130,482,966,1340,1100,1964,2238,1047,2519,2119,1795,886,1769,1952,1457,1605,333,784,2296,1968,892,1034,1341,459,638,400,1181,316,650,3595,896,3392,1179,485,537,364,2233,510,1824,1350,1911,1678,407,2296,586,779,1769,1606,622,2141,1340,221,967,1533,1965,1074,1554,1805,678,1321,402,1218,297,391,2585,1581,347,1505,293,434,1690,3703,1968,757,2561,117,847,300,2247,597,310,331,1641,2908,486,390,195,97,849,239,227,677,470,2087,391,59,39,126,187,152,914,1666,1558,0,0,0,0,0,0,0,0,0,0,0,0,0,0,0,0,0,0,0,0,0,0,0,0,0,0,0,0,0,0,0,0,0,0,0,0,0,0,0,0,0,0,0,0,0,0,0,0,0,0,0,0,0,0,0,0,0,0,0,0,0,0,0,0,0,0,0,0,0,0,0,0,0,0,0,0,0,0,0,0,0,0,0,0,0,0,0,0,0,0,0,0,0,0,0,0,0,0,0,0,0,0,0,0,0,0,0,0,0,0,0,0,0,0,0,0,0,0,0,0,0,0,0,0,0,0,0,0,0,0,0,0,0,0,0,0,0,0,0,0,0,0,0,0,0,0,0,0,0,0,0,0,0,0,0,0,0,0,0,0,0,0,0,0,0,0,0,0,0,0,0,0,0,0,0,0,0,0,0,0,0,0,0,0,0,0,0,0,0,0,0,0,0,0,0,0,0,0,0,0,0,0,0,0,0,0,0,0,0,0,0,0,0
2013-12-31,1299,1650,4081,1686,3046,1575,830,1890,2048,1009,1695,1859,2761,2042,3538,1544,2020,2214,539,4905,1964,4637,3222,1739,1454,1882,1827,3725,613,2055,2124,1522,605,455,1653,1166,911,1503,2167,852,1874,1633,2075,1193,2046,486,1889,2513,1017,4310,872,504,1851,1286,1531,879,1820,2401,1968,2925,2273,994,1267,1173,727,1968,208,1826,2489,367,1892,2666,1401,1642,2562,2179,2057,1858,265,986,1190,2338,2228,654,3559,2433,2763,623,955,2490,2143,1856,1652,1145,1675,2623,1855,1837,1861,1809,295,2395,1332,1196,1404,401,2366,449,1083,2276,1611,1520,2328,389,1613,1968,2978,1979,80,1538,1412,2022,401,1719,820,3026,1456,1438,1668,995,1752,776,2241,1923,2126,783,1306,247,1696,1213,1830,1239,982,1014,905,2501,2271,3092,538,1027,2881,4508,1218,1000,571,721,1097,1362,435,2453,2138,1866,2343,1581,3169,306,1257,514,677,1492,1237,210,1854,417,1283,2329,1411,2618,332,1911,1078,2008,2241,843,1867,1433,2003,2800,1636,4084,2292,250,1163,681,1033,1438,1912,508,929,805,2002,474,874,1935,1465,1211,769,2708,982,678,783,655,288,2018,985,141,169,2495,270,1080,2005,188,1042,843,710,1834,2118,2366,366,831,559,752,1283,1422,814,1641,1362,994,558,1203,1247,985,1133,208,507,1433,1444,679,681,1960,303,489,264,630,173,484,2266,498,2015,771,306,254,205,1496,315,1084,897,1065,1010,319,1536,368,447,1029,1078,487,1486,935,104,603,953,1360,726,1180,1338,439,686,245,650,171,301,1793,1194,273,1097,251,271,1208,2452,1195,566,1944,98,661,187,1236,415,221,206,1322,1925,337,237,138,42,634,195,173,495,283,1273,334,0,47,81,142,113,665,1167,1295,0,0,0,0,0,0,0,0,0,0,0,0,0,0,0,0,0,0,0,0,0,0,0,0,0,0,0,0,0,0,0,0,0,0,0,0,0,0,0,0,0,0,0,0,0,0,0,0,0,0,0,0,0,0,0,0,0,0,0,0,0,0,0,0,0,0,0,0,0,0,0,0,0,0,0,0,0,0,0,0,0,0,0,0,0,0,0,0,0,0,0,0,0,0,0,0,0,0,0,0,0,0,0,0,0,0,0,0,0,0,0,0,0,0,0,0,0,0,0,0,0,0,0,0,0,0,0,0,0,0,0,0,0,0,0,0,0,0,0,0,0,0,0,0,0,0,0,0,0,0,0,0,0,0,0,0,0,0,0,0,0,0,0,0,0,0,0,0,0,0,0,0,0,0,0,0,0,0,0,0,0,0,0,0,0,0,0,0,0,0,0,0,0,0,0,0,0,0,0,0,0,0,0,0,0,0,0,0,0,0,0,0,0
2014-01-31,956,1337,3178,1251,1920,1130,477,1412,1082,681,1110,1330,1890,1406,2368,1061,1442,1533,416,3295,1176,3634,1984,1175,1119,1253,1388,2184,396,1459,1484,1023,406,342,1147,983,592,990,1326,671,1280,1214,1372,765,1348,400,1255,1732,778,2764,365,388,1334,952,1194,587,1069,1468,1328,2159,1641,757,600,815,391,1403,178,1034,1612,231,1391,1865,962,793,1530,608,1496,1196,183,706,835,1678,1485,477,2469,1797,1919,565,798,1619,1088,1388,1195,797,1099,1915,1325,1219,1321,1246,170,1648,734,770,783,277,1358,239,694,1498,1222,1064,1667,179,923,1225,2039,1364,53,1106,872,754,292,1143,570,1982,1026,1029,988,617,1158,596,1505,1141,1370,652,870,147,1047,924,1313,852,691,706,612,1299,1614,2000,306,710,2231,3068,922,562,429,388,787,855,305,1820,1447,1345,1557,1092,2519,234,951,293,515,875,854,179,1301,289,824,1707,895,1761,245,1345,770,1353,1480,580,552,1053,1310,2063,1180,2697,1435,163,856,457,679,952,1105,362,710,554,1467,327,569,1450,969,920,529,1869,755,460,528,480,164,1548,658,123,143,1831,152,720,1393,123,708,576,514,1225,1434,1506,269,549,480,527,877,943,639,1230,840,741,356,963,838,613,795,141,369,1317,955,602,579,1321,206,313,213,310,165,341,1564,271,1221,474,194,150,106,881,224,777,550,473,592,248,957,312,328,565,520,312,942,535,93,462,634,951,444,908,762,296,514,172,477,96,183,1106,867,197,762,162,184,856,1672,1264,347,1355,61,540,167,876,331,158,136,944,1200,150,208,109,62,479,155,144,363,167,837,211,0,26,103,94,92,448,666,989,0,0,0,0,0,0,0,0,0,0,0,0,0,0,0,0,0,0,0,0,0,0,0,0,0,0,0,0,0,0,0,0,0,0,0,0,0,0,0,0,0,0,0,0,0,0,0,0,0,0,0,0,0,0,0,0,0,0,0,0,0,0,0,0,0,0,0,0,0,0,0,0,0,0,0,0,0,0,0,0,0,0,0,0,0,0,0,0,0,0,0,0,0,0,0,0,0,0,0,0,0,0,0,0,0,0,0,0,0,0,0,0,0,0,0,0,0,0,0,0,0,0,0,0,0,0,0,0,0,0,0,0,0,0,0,0,0,0,0,0,0,0,0,0,0,0,0,0,0,0,0,0,0,0,0,0,0,0,0,0,0,0,0,0,0,0,0,0,0,0,0,0,0,0,0,0,0,0,0,0,0,0,0,0,0,0,0,0,0,0,0,0,0,0,0,0,0,0,0,0,0,0,0,0,0,0,0,0,0,0,0,0,0
2014-02-28,650,960,2920,676,1808,933,508,1045,963,530,919,868,1319,946,1916,700,1045,1392,249,2171,766,2719,1796,1102,956,746,1065,1795,353,1177,1070,687,352,298,845,751,440,881,1063,400,1201,771,975,618,1099,277,779,1288,414,2493,423,317,878,778,872,493,1191,1253,1019,1337,775,504,354,592,407,1085,167,830,1278,226,958,1371,705,597,1106,1017,1075,827,160,4,675,1057,1265,316,1694,1391,1361,388,625,1163,744,1095,961,580,808,1352,1015,777,950,1093,151,1277,542,669,827,184,1146,239,610,1471,764,665,1298,155,760,1180,1500,962,41,911,634,365,230,935,264,1359,766,868,574,632,996,354,1324,960,1053,390,669,126,887,676,983,633,364,496,568,590,983,1562,270,531,1538,2403,670,388,358,410,621,451,287,1183,1176,1117,1263,713,1688,164,758,222,292,682,575,76,1139,182,632,1118,710,1290,196,730,647,676,1160,394,69,803,1108,1570,985,1944,1019,191,652,354,512,769,792,247,593,459,1007,241,464,1020,718,542,378,1189,575,439,290,441,136,1037,543,136,91,1248,92,570,964,72,510,427,422,934,1139,1051,152,421,498,379,630,752,474,924,668,508,296,581,458,486,492,134,277,1010,652,401,445,969,169,173,208,308,89,284,1363,251,720,330,159,145,82,631,137,482,349,429,494,176,468,250,229,602,89,157,688,303,89,328,415,795,301,706,409,250,427,136,339,76,128,957,444,139,549,121,216,508,1500,999,302,820,54,454,130,781,208,134,45,569,1029,110,197,94,93,404,142,100,326,56,647,146,0,36,75,57,57,359,560,897,0,0,0,0,0,0,0,0,0,0,0,0,0,0,0,0,0,0,0,0,0,0,0,0,0,0,0,0,0,0,0,0,0,0,0,0,0,0,0,0,0,0,0,0,0,0,0,0,0,0,0,0,0,0,0,0,0,0,0,0,0,0,0,0,0,0,0,0,0,0,0,0,0,0,0,0,0,0,0,0,0,0,0,0,0,0,0,0,0,0,0,0,0,0,0,0,0,0,0,0,0,0,0,0,0,0,0,0,0,0,0,0,0,0,0,0,0,0,0,0,0,0,0,0,0,0,0,0,0,0,0,0,0,0,0,0,0,0,0,0,0,0,0,0,0,0,0,0,0,0,0,0,0,0,0,0,0,0,0,0,0,0,0,0,0,0,0,0,0,0,0,0,0,0,0,0,0,0,0,0,0,0,0,0,0,0,0,0,0,0,0,0,0,0,0,0,0,0,0,0,0,0,0,0,0,0,0,0,0,0,0,0,0
2014-03-31,804,1559,5102,1441,2643,1477,849,2004,2105,880,2096,1798,2562,2015,3369,1256,1909,2381,616,4782,1360,0,2952,1988,1594,1591,2040,3651,843,2336,2117,1434,661,893,1437,1265,822,1489,1959,1058,2227,1563,971,1163,2151,551,1919,2605,1046,4067,1172,578,1654,1283,1726,846,1648,2467,1934,2646,1832,983,1562,1350,768,2130,294,1561,2444,380,1808,2333,1380,1504,2430,2119,544,2117,222,0,1325,2203,2192,656,3020,2605,2628,636,1168,2467,1900,1954,1673,1257,1589,2641,2023,1987,1625,1808,408,2294,1158,1019,1411,401,2576,649,1092,2433,290,1397,1288,434,1563,2021,3089,1453,77,1474,1407,1255,438,2215,833,2961,1519,1529,1271,1012,1830,691,2241,1796,2092,858,1306,337,1503,1433,1735,1078,925,999,1093,2352,2182,3292,698,1006,3680,4306,1297,728,623,931,1092,1054,410,2234,1877,883,2415,1457,3304,346,1188,627,769,1854,1183,221,1563,434,1300,2158,1135,2097,311,1871,1159,1765,1909,867,104,1460,2045,2859,1652,3781,2047,356,1152,705,792,1484,1756,653,1007,774,1881,492,996,2017,1620,1182,753,0,1076,818,540,636,330,1846,984,213,168,2845,195,1197,1991,221,1212,791,726,1398,2330,1991,402,759,808,738,1251,1529,868,1728,1206,1068,563,1538,1154,1072,1022,192,479,1758,1265,680,762,2176,276,0,270,703,184,513,2847,664,1411,682,283,336,183,1291,310,1081,947,1057,958,479,1349,407,430,1289,311,448,1356,825,193,617,1114,1509,615,1197,1269,514,800,253,678,206,286,1676,1288,271,1841,224,281,1196,2760,1981,479,1912,79,833,215,1724,469,275,194,1346,1785,278,266,154,183,748,185,203,615,245,1209,327,167,74,118,106,108,649,1149,1337,5208,2265,838,2605,1081,0,0,0,0,0,0,0,0,0,0,0,0,0,0,0,0,0,0,0,0,0,0,0,0,0,0,0,0,0,0,0,0,0,0,0,0,0,0,0,0,0,0,0,0,0,0,0,0,0,0,0,0,0,0,0,0,0,0,0,0,0,0,0,0,0,0,0,0,0,0,0,0,0,0,0,0,0,0,0,0,0,0,0,0,0,0,0,0,0,0,0,0,0,0,0,0,0,0,0,0,0,0,0,0,0,0,0,0,0,0,0,0,0,0,0,0,0,0,0,0,0,0,0,0,0,0,0,0,0,0,0,0,0,0,0,0,0,0,0,0,0,0,0,0,0,0,0,0,0,0,0,0,0,0,0,0,0,0,0,0,0,0,0,0,0,0,0,0,0,0,0,0,0,0,0,0,0,0,0,0,0,0,0,0,0,0,0,0,0,0,0,0,0,0,0,0,0,0,0,0,0,0,0,0,0,0,0,0
2014-04-30,1319,2315,7056,2371,4479,2266,1417,3288,3000,1540,3357,2829,4179,2960,4741,2099,2976,3247,1149,7099,2626,0,5168,2851,2062,2499,3578,5905,1647,3268,3411,2267,1345,717,2695,2064,1323,2281,2974,1426,3280,2225,617,1804,3301,821,2820,3487,1454,6999,1688,1001,2307,2100,2191,1287,2421,3575,3025,4069,2797,1596,2232,1977,1469,2995,413,3281,4729,698,2798,3777,2188,2550,3645,3566,1290,3738,398,0,1950,3562,3661,1049,5172,3749,3748,1060,1601,491,3461,3130,2250,2402,2751,3629,2833,2889,2428,2549,1276,3249,1920,1574,2742,792,5241,881,1558,3299,0,2159,916,997,3276,3025,4509,2406,173,2747,1949,1893,591,2893,1251,4578,2291,2354,2037,1679,2587,989,5364,2589,2878,1170,1667,612,2465,2380,2555,1605,1635,1465,1808,3979,3919,4895,1621,1506,4857,6130,1790,1127,985,1548,1403,1449,741,3284,3056,2217,3573,2284,4824,584,1595,1448,1427,2450,1752,380,0,818,1918,3107,2097,3369,501,3880,1494,2752,2548,1254,264,2159,3313,3930,2381,5331,3668,854,1610,1354,1452,1913,3788,960,1504,1193,2727,755,1549,3208,899,1580,1272,0,1483,1144,706,1049,604,2681,1264,329,319,3807,322,1661,2964,399,1843,956,1204,2075,4004,3059,534,1006,1470,1291,1766,2352,1072,2591,2265,1200,805,1773,1790,1682,1457,414,843,2904,1936,736,1007,3032,436,0,377,1593,319,811,3400,1216,2367,1077,518,744,400,2018,470,1901,2433,2680,1741,482,2360,581,740,2881,537,589,2093,1084,320,872,1708,2668,886,1863,2335,596,1274,431,1242,346,453,2408,1797,408,1224,347,431,1623,4402,2712,724,2414,127,1054,408,3227,730,329,320,2146,2874,600,422,200,237,1077,281,273,811,486,2040,546,23,75,161,157,153,952,2038,1574,7996,2575,1192,2770,776,0,0,0,0,0,0,0,0,0,0,0,0,0,0,0,0,0,0,0,0,0,0,0,0,0,0,0,0,0,0,0,0,0,0,0,0,0,0,0,0,0,0,0,0,0,0,0,0,0,0,0,0,0,0,0,0,0,0,0,0,0,0,0,0,0,0,0,0,0,0,0,0,0,0,0,0,0,0,0,0,0,0,0,0,0,0,0,0,0,0,0,0,0,0,0,0,0,0,0,0,0,0,0,0,0,0,0,0,0,0,0,0,0,0,0,0,0,0,0,0,0,0,0,0,0,0,0,0,0,0,0,0,0,0,0,0,0,0,0,0,0,0,0,0,0,0,0,0,0,0,0,0,0,0,0,0,0,0,0,0,0,0,0,0,0,0,0,0,0,0,0,0,0,0,0,0,0,0,0,0,0,0,0,0,0,0,0,0,0,0,0,0,0,0,0,0,0,0,0,0,0,0,0,0,0,0,0,0
2014-05-31,1696,3125,9070,3115,6207,2897,2049,3579,3863,2062,4293,4432,4814,3651,5711,2667,4280,4334,1369,9166,2823,0,6646,3613,2335,3190,3799,6976,2683,4093,4142,2439,2356,859,2725,3003,1675,3081,3621,1677,3973,2681,2824,2409,4369,826,3463,4092,1652,8824,2972,1408,3177,2852,2884,1614,2911,4968,3608,5148,3493,2150,1334,3215,2327,3768,677,4285,5526,821,3892,4532,3103,2720,4564,4460,2842,4858,555,0,2837,4781,4176,1361,6402,2220,4634,1283,1644,4659,3943,3575,2855,2486,3681,4230,3380,3511,2884,3094,1509,3677,2441,1912,3446,965,6839,1264,2026,4300,0,2458,1121,1224,3814,3743,6064,3091,402,3258,2454,2134,706,4447,1829,5611,3815,2758,3159,2226,2410,1279,7687,3327,3497,1468,2568,1010,2987,2599,3187,1835,2461,1838,2268,4609,4981,6954,0,2025,6048,7487,2468,1661,1239,2948,1786,1875,900,4618,3925,3471,4912,3023,4531,962,2122,2028,1954,2554,2228,682,2981,1123,2570,3606,2239,3849,623,5784,1877,3242,3262,1590,0,2865,3856,4917,2925,6559,5076,1403,2029,1763,1880,2563,4950,1426,2115,1600,3294,931,2029,3796,2708,1808,1797,0,2085,1457,1605,1579,0,3425,1665,561,564,4470,434,2000,3444,712,2456,1346,1457,2572,4966,3652,797,1849,2154,1782,2343,3060,1315,3207,3567,1503,1114,632,1952,2224,1716,4,1181,3704,2444,993,1442,3744,573,0,472,2390,421,1060,4162,2046,1426,1319,630,969,576,2810,758,2686,4782,4033,2415,647,1798,628,1047,4464,622,880,2674,1352,509,1454,2412,2528,1080,2048,2987,783,1794,0,1748,419,595,3218,2176,404,1849,424,453,1831,5947,3355,1176,2813,161,1279,461,4991,971,450,447,2500,3451,973,484,220,321,1340,395,411,1112,642,2531,651,836,77,0,364,192,1272,2550,2090,9747,3229,1782,3405,788,2649,182,2673,0,0,0,0,0,0,0,0,0,0,0,0,0,0,0,0,0,0,0,0,0,0,0,0,0,0,0,0,0,0,0,0,0,0,0,0,0,0,0,0,0,0,0,0,0,0,0,0,0,0,0,0,0,0,0,0,0,0,0,0,0,0,0,0,0,0,0,0,0,0,0,0,0,0,0,0,0,0,0,0,0,0,0,0,0,0,0,0,0,0,0,0,0,0,0,0,0,0,0,0,0,0,0,0,0,0,0,0,0,0,0,0,0,0,0,0,0,0,0,0,0,0,0,0,0,0,0,0,0,0,0,0,0,0,0,0,0,0,0,0,0,0,0,0,0,0,0,0,0,0,0,0,0,0,0,0,0,0,0,0,0,0,0,0,0,0,0,0,0,0,0,0,0,0,0,0,0,0,0,0,0,0,0,0,0,0,0,0,0,0,0,0,0,0,0,0,0,0,0,0,0,0,0,0,0
2014-06-30,2048,3306,9626,3515,7255,2942,1917,3702,3694,2422,4659,3979,5261,3296,3726,3336,4440,5985,1428,10929,2527,0,7145,4326,2471,2996,4300,7433,2969,4109,4634,2642,2404,1000,3455,3197,1658,3059,4126,1936,4028,2594,3719,2876,4417,1011,3834,4489,1865,9693,2639,1458,3763,3350,3197,1818,2637,5134,4075,5248,3926,2204,2740,3571,3067,3684,602,4863,6700,875,3979,5012,3188,2735,5034,5318,3163,5050,636,0,3294,5634,4466,1549,7315,3107,5168,1504,1626,5097,3829,3805,2934,2449,4008,4295,3327,3595,3112,3021,1626,4286,2682,2070,3418,950,6996,1211,2386,4672,0,2629,1163,1223,4356,3775,6544,4006,351,3165,2936,2483,773,4963,1582,6028,4371,3302,3623,2357,3838,1299,9170,3639,4059,1539,2445,1103,3220,3088,3343,2067,2755,1743,2473,4787,4947,7159,0,2107,5769,8242,2681,1848,1357,2623,2081,2169,1051,4551,4493,3783,5418,3371,5311,1184,2236,2295,2230,2676,2219,637,3629,1111,2601,4088,0,4359,802,7323,2098,3292,3501,1823,0,3389,4605,4663,3290,6564,1926,1324,2204,1884,1893,2910,4995,1633,2256,1623,3282,1088,2182,4074,3361,1562,1971,0,2155,1594,1777,1542,602,3587,1843,0,744,4730,514,2843,3611,772,2949,1621,1575,3131,6696,3533,927,1491,1906,1851,2765,3064,1294,3581,4148,1418,1191,1746,1884,2296,1828,0,1268,3939,2289,1038,1357,587,727,0,612,3086,431,1055,3947,2423,3014,1339,550,1072,641,3164,819,3004,5580,4413,2962,750,3918,720,1209,5378,0,1062,1971,1541,400,1490,2698,2345,1270,2257,3068,924,1963,308,2069,536,724,3378,2085,494,1885,480,526,1805,8398,3573,1374,2519,200,1210,522,6157,945,589,539,2519,3788,880,513,268,316,1411,400,411,1156,639,2919,739,950,126,0,347,158,1401,2807,2263,10744,3925,1786,3143,948,2245,139,3541,629,544,0,0,0,0,0,0,0,0,0,0,0,0,0,0,0,0,0,0,0,0,0,0,0,0,0,0,0,0,0,0,0,0,0,0,0,0,0,0,0,0,0,0,0,0,0,0,0,0,0,0,0,0,0,0,0,0,0,0,0,0,0,0,0,0,0,0,0,0,0,0,0,0,0,0,0,0,0,0,0,0,0,0,0,0,0,0,0,0,0,0,0,0,0,0,0,0,0,0,0,0,0,0,0,0,0,0,0,0,0,0,0,0,0,0,0,0,0,0,0,0,0,0,0,0,0,0,0,0,0,0,0,0,0,0,0,0,0,0,0,0,0,0,0,0,0,0,0,0,0,0,0,0,0,0,0,0,0,0,0,0,0,0,0,0,0,0,0,0,0,0,0,0,0,0,0,0,0,0,0,0,0,0,0,0,0,0,0,0,0,0,0,0,0,0,0,0,0,0,0,0,0,0,0
2014-07-31,2252,3216,9825,3509,7014,3224,2195,3732,4042,2268,4891,4224,5467,3977,6013,3249,4356,5635,1506,13065,2481,0,7225,4008,2738,3434,4322,7608,3098,4388,4315,2635,2143,847,3401,3393,1641,3143,4125,2097,3993,3395,3924,2431,4769,977,4201,4808,1953,9748,3179,1456,4236,3179,2928,1889,2733,5084,4065,5638,3998,2456,3073,3170,3160,3578,655,4365,6425,968,4310,6927,2986,2917,4690,5576,2964,5505,660,0,3670,5835,4844,822,7799,4719,5315,1455,1634,5469,4005,3705,3982,2523,3993,4615,3627,3864,3630,3168,2020,4465,2683,1987,3500,1106,7186,1271,2479,4831,0,2802,1164,543,4374,3859,6516,3949,283,3622,2993,2902,869,5193,1739,6117,4321,3375,4036,2212,3715,1424,8577,4056,4395,1559,2460,794,3324,3220,3503,2186,2836,1766,2476,5084,5540,7069,0,2374,5953,7855,2731,1812,1434,2728,2169,2386,884,5038,4374,3422,5486,3288,6301,1055,2304,1932,2121,3089,2419,598,3634,1227,2775,4149,0,4499,701,7111,2133,3563,3420,1968,0,3446,4507,4776,3197,6735,5176,1573,2322,2197,2243,3009,5400,1579,2447,1608,3303,1018,2330,203,3391,2217,2001,0,2191,1549,1218,1557,1066,4184,1864,0,555,5003,576,2796,3503,908,2908,1383,1479,3301,5887,4169,885,1540,1886,1924,2712,3014,1316,3677,3992,1528,1147,2121,2389,2541,2080,159,1239,4113,2650,1086,1551,0,720,0,542,3187,392,1015,4025,2521,3297,1607,573,668,618,3078,775,2779,5765,4694,3489,824,3819,781,1250,6041,0,1032,2682,1954,568,1386,2504,1753,1191,2400,2909,866,2132,864,1843,481,681,3315,2561,491,2088,424,542,1704,6705,3863,1385,3386,244,1267,499,6776,759,579,507,241,4114,1321,548,243,311,1508,477,395,1320,684,2919,864,952,111,0,382,176,1323,2743,2784,11541,3998,2069,3622,1059,1989,147,3698,759,1759,0,0,0,0,0,0,0,0,0,0,0,0,0,0,0,0,0,0,0,0,0,0,0,0,0,0,0,0,0,0,0,0,0,0,0,0,0,0,0,0,0,0,0,0,0,0,0,0,0,0,0,0,0,0,0,0,0,0,0,0,0,0,0,0,0,0,0,0,0,0,0,0,0,0,0,0,0,0,0,0,0,0,0,0,0,0,0,0,0,0,0,0,0,0,0,0,0,0,0,0,0,0,0,0,0,0,0,0,0,0,0,0,0,0,0,0,0,0,0,0,0,0,0,0,0,0,0,0,0,0,0,0,0,0,0,0,0,0,0,0,0,0,0,0,0,0,0,0,0,0,0,0,0,0,0,0,0,0,0,0,0,0,0,0,0,0,0,0,0,0,0,0,0,0,0,0,0,0,0,0,0,0,0,0,0,0,0,0,0,0,0,0,0,0,0,0,0,0,0,0,0,0,0
2014-08-31,2179,3004,10196,3573,7328,3311,2213,4078,4011,2168,4882,4234,5702,3784,6366,3281,4033,5537,1613,11489,2376,0,7615,4163,2787,3313,4437,7398,3009,4563,4504,2644,2309,890,3194,3204,1646,3129,3989,2050,4006,3130,4174,3023,4820,813,4135,4721,2101,9469,2726,1346,3872,2992,2742,1864,2669,5211,3812,5476,3527,2443,2607,3278,3162,4181,660,4633,6175,832,3582,6592,3320,2762,4585,5296,3039,5930,584,0,3651,5658,4597,1029,7438,4657,5047,1487,1687,5154,4155,3805,4387,2586,4132,5629,3744,3693,3407,3160,2006,4337,2817,3800,3284,1022,7407,1328,2511,4834,0,3106,1162,0,4384,4303,6497,3872,286,3585,3007,2753,866,5065,1691,6107,4302,3333,4181,2312,3995,1421,8340,4482,4497,1472,2335,792,3642,3071,3651,2356,2937,1740,2387,5108,5374,6917,0,2322,5424,8005,2595,1861,1510,2487,2244,2314,888,2456,4198,2841,5013,3542,6135,974,2284,2120,2157,3088,2259,734,3823,1082,2931,5329,0,4628,694,7625,2256,3098,3570,2052,0,3414,4506,4519,3250,6436,4986,1552,2331,1824,1978,2949,6112,1735,2103,1531,3157,1049,2344,0,3445,2054,1873,0,2091,1695,333,1451,1142,3615,1950,0,395,4552,500,2728,4030,790,3080,1240,1498,3525,5984,4225,894,1453,1863,1768,2722,3084,1381,3753,3907,1709,1192,2028,2388,2718,2057,496,1132,3829,2463,1048,1428,1968,735,0,554,3167,424,1014,3784,2514,3277,1649,508,982,581,2909,758,2795,6445,5182,3747,750,3942,840,1291,5642,0,1048,2644,1887,578,1344,2612,2235,1236,2232,2872,882,1975,871,1806,490,667,3466,2595,473,1972,489,528,2027,6829,898,1366,3521,266,1293,510,6468,925,606,651,0,3942,1689,494,270,325,1475,436,414,1230,746,2883,1036,1031,84,0,391,204,1330,2748,2612,11072,4724,1861,3139,1209,1991,134,3599,756,1850,0,0,0,0,0,0,0,0,0,0,0,0,0,0,0,0,0,0,0,0,0,0,0,0,0,0,0,0,0,0,0,0,0,0,0,0,0,0,0,0,0,0,0,0,0,0,0,0,0,0,0,0,0,0,0,0,0,0,0,0,0,0,0,0,0,0,0,0,0,0,0,0,0,0,0,0,0,0,0,0,0,0,0,0,0,0,0,0,0,0,0,0,0,0,0,0,0,0,0,0,0,0,0,0,0,0,0,0,0,0,0,0,0,0,0,0,0,0,0,0,0,0,0,0,0,0,0,0,0,0,0,0,0,0,0,0,0,0,0,0,0,0,0,0,0,0,0,0,0,0,0,0,0,0,0,0,0,0,0,0,0,0,0,0,0,0,0,0,0,0,0,0,0,0,0,0,0,0,0,0,0,0,0,0,0,0,0,0,0,0,0,0,0,0,0,0,0,0,0,0,0,0,0
2014-09-30,2281,3678,10357,3680,7740,3695,2217,4112,3504,2315,4621,4064,5661,3932,5911,3467,4214,5853,1459,12441,2351,0,6898,4036,2943,3075,4592,7320,2866,4940,4553,2701,2093,896,3250,3030,1466,2908,4234,1920,4542,3210,4136,2848,5154,751,4079,4719,1781,9607,2837,1429,3735,2676,2833,1651,3545,5149,4251,5929,3758,2067,2575,3567,2856,3912,557,4978,6577,901,3987,6397,2939,3073,4886,4135,3224,4907,608,0,4228,6161,5079,1204,6812,5414,5314,1525,1651,5333,5198,4353,4418,2559,3787,4787,3587,3762,3394,3138,1726,4580,2386,4560,4245,944,6884,1431,2434,4909,0,2792,1207,230,3967,3758,6840,3375,266,3804,3033,2520,755,5289,1493,6204,4108,2933,4140,2198,3858,1497,8123,3971,4070,1370,2497,753,3490,2864,3503,2383,2865,1781,2522,5222,4547,6990,0,2462,5556,8556,2547,1878,1541,1992,2045,2143,929,1772,4218,2763,5362,3280,5918,846,2168,1676,1758,2964,2354,716,3981,1206,2706,4317,879,4530,702,6919,2292,3644,3458,1788,0,3778,4697,4186,3020,6019,5867,1135,2183,2100,1937,2767,5144,1582,2123,1362,3036,1003,2232,0,3352,1948,2092,0,2177,1553,1857,893,1053,4080,1974,0,299,4825,430,2416,4017,678,2867,1443,1574,3456,5885,3929,798,1417,1668,1862,2554,3221,1329,3501,3517,1620,1091,2080,2064,2409,1782,424,1067,3868,2371,1013,1321,3761,595,0,489,2694,470,940,4531,2211,2830,1449,590,1010,671,2863,671,2866,6155,4475,3245,766,3518,897,1169,4849,0,850,3095,1878,524,1544,2407,2926,1046,2367,2551,882,1977,736,1749,499,615,3553,1552,446,1933,499,504,1800,6326,2948,1208,3441,267,1400,435,5843,923,526,534,0,4317,1049,500,249,350,1360,427,392,1154,742,2944,822,934,83,0,406,211,1623,2652,2475,0,3656,1989,0,1022,1847,121,3344,786,1943,10540,3577,0,0,0,0,0,0,0,0,0,0,0,0,0,0,0,0,0,0,0,0,0,0,0,0,0,0,0,0,0,0,0,0,0,0,0,0,0,0,0,0,0,0,0,0,0,0,0,0,0,0,0,0,0,0,0,0,0,0,0,0,0,0,0,0,0,0,0,0,0,0,0,0,0,0,0,0,0,0,0,0,0,0,0,0,0,0,0,0,0,0,0,0,0,0,0,0,0,0,0,0,0,0,0,0,0,0,0,0,0,0,0,0,0,0,0,0,0,0,0,0,0,0,0,0,0,0,0,0,0,0,0,0,0,0,0,0,0,0,0,0,0,0,0,0,0,0,0,0,0,0,0,0,0,0,0,0,0,0,0,0,0,0,0,0,0,0,0,0,0,0,0,0,0,0,0,0,0,0,0,0,0,0,0,0,0,0,0,0,0,0,0,0,0,0,0,0,0,0,0,0,0
2014-10-31,2213,3121,8881,3268,6624,4106,1798,3989,3270,2193,3802,3501,5685,3844,5548,3131,3965,4703,1045,11792,1972,0,6138,3464,2626,2688,3259,7337,1973,4234,4288,2797,1623,724,2939,2611,1442,2687,3696,1641,4043,2933,3943,2166,4375,815,3667,4441,1512,8527,2401,977,3027,2134,2488,1489,3369,4212,3847,5531,3617,1562,2586,2982,1980,3264,477,3842,5387,815,3559,5706,2502,2661,4234,3599,2937,4346,485,0,3311,4767,4465,1045,6254,4415,5131,1283,1491,4765,4505,4245,4167,2104,3524,4719,3222,3564,3273,1124,1248,3935,2068,263,3899,676,5546,1497,1981,3867,64,2413,1168,770,3558,3492,5626,2819,216,3299,2632,2012,613,4176,1260,5018,3179,2420,3203,2091,3326,1292,5697,3393,3453,1302,2224,651,3421,2387,2918,2068,2393,1637,2085,4918,3761,5744,0,1994,5438,8070,2252,1870,1263,1831,1873,1854,691,4420,3789,2530,4973,2640,6403,630,1678,1346,1438,2860,2130,642,3637,856,2377,4219,2001,3963,532,5301,2064,3099,3287,1482,0,3210,4127,4048,2698,4904,4965,867,1730,1714,1673,2376,4411,1106,1951,1220,2835,902,1805,0,3139,1921,1768,0,1934,1317,1331,881,738,3810,1584,0,205,4264,381,1926,3621,403,2145,1300,1481,2760,4639,3985,549,1159,1997,1413,2180,2743,1226,3074,2543,1526,874,1834,1933,1869,1718,381,829,3192,2080,940,1342,3838,383,0,408,1892,398,904,4415,1573,2646,1317,572,593,545,2648,682,2290,5091,2782,2471,747,2998,757,995,3504,0,686,2718,1632,359,1341,2060,2603,851,2204,2399,669,1778,618,1331,404,543,3442,1521,342,1604,423,352,1631,5208,3036,1073,3362,182,1269,385,4328,872,388,511,0,3520,623,442,175,327,1068,343,240,1073,584,2675,522,623,67,0,257,201,1306,2463,2011,0,3720,1215,0,772,1224,158,2590,811,1541,9464,3103,0,0,0,0,0,0,0,0,0,0,0,0,0,0,0,0,0,0,0,0,0,0,0,0,0,0,0,0,0,0,0,0,0,0,0,0,0,0,0,0,0,0,0,0,0,0,0,0,0,0,0,0,0,0,0,0,0,0,0,0,0,0,0,0,0,0,0,0,0,0,0,0,0,0,0,0,0,0,0,0,0,0,0,0,0,0,0,0,0,0,0,0,0,0,0,0,0,0,0,0,0,0,0,0,0,0,0,0,0,0,0,0,0,0,0,0,0,0,0,0,0,0,0,0,0,0,0,0,0,0,0,0,0,0,0,0,0,0,0,0,0,0,0,0,0,0,0,0,0,0,0,0,0,0,0,0,0,0,0,0,0,0,0,0,0,0,0,0,0,0,0,0,0,0,0,0,0,0,0,0,0,0,0,0,0,0,0,0,0,0,0,0,0,0,0,0,0,0,0,0,0
2014-11-30,1437,1863,5980,2339,4069,2836,1148,2584,2109,1399,2349,2339,4277,2206,3364,1826,2729,3137,665,7726,1187,0,3902,2307,1856,1818,2881,4816,961,2667,2639,1727,934,439,1886,1681,967,1788,2300,1098,2598,1773,2262,1350,3077,516,2564,3137,929,5339,1477,633,2113,1149,1687,971,2255,2455,2303,3458,2365,1003,1719,1816,1142,2289,336,2137,3394,483,2327,3515,1552,1776,2640,2040,2164,2269,279,0,2129,3396,3059,688,3753,3177,3232,840,1109,2790,2718,3202,2865,1226,2228,3101,1998,2275,1953,0,576,2751,1309,0,2284,456,2670,842,1336,2749,1270,1604,801,328,2118,2029,3758,1953,87,1924,1840,1605,344,2626,782,3528,1977,1747,2044,1623,2045,880,3123,2418,2464,946,1437,389,2123,1175,2123,1489,1290,986,1325,3090,2245,3389,0,1460,3628,5295,1527,1115,804,1002,1224,1195,433,2872,2437,1673,3042,1795,4863,369,1183,709,816,1808,1365,376,2415,579,1512,2553,1238,2810,320,3037,1390,1867,2152,916,0,2110,2631,2820,1858,4102,2954,338,1097,1045,1086,1448,2087,623,866,779,1896,579,1055,0,1901,1160,1015,0,1315,883,1062,811,443,2411,1055,0,123,2754,261,1323,2343,211,1222,730,541,1895,2926,1514,392,819,773,902,1432,1675,850,2196,1544,1143,672,1222,1200,1018,1068,237,520,1982,1387,718,870,2564,279,0,243,1037,229,486,3077,736,1930,837,328,360,382,1515,445,1393,3411,1657,1468,471,1980,514,633,1612,0,419,1551,1124,190,852,1325,1911,500,1531,1694,417,1078,325,825,212,338,2210,1216,236,1252,319,227,1068,3208,2016,619,2099,164,923,272,2639,455,229,331,0,2164,278,306,123,242,688,208,195,599,327,1593,333,296,38,0,184,135,675,1402,1412,0,2390,313,0,513,648,70,1249,517,784,5779,2165,512,850,0,0,0,0,0,0,0,0,0,0,0,0,0,0,0,0,0,0,0,0,0,0,0,0,0,0,0,0,0,0,0,0,0,0,0,0,0,0,0,0,0,0,0,0,0,0,0,0,0,0,0,0,0,0,0,0,0,0,0,0,0,0,0,0,0,0,0,0,0,0,0,0,0,0,0,0,0,0,0,0,0,0,0,0,0,0,0,0,0,0,0,0,0,0,0,0,0,0,0,0,0,0,0,0,0,0,0,0,0,0,0,0,0,0,0,0,0,0,0,0,0,0,0,0,0,0,0,0,0,0,0,0,0,0,0,0,0,0,0,0,0,0,0,0,0,0,0,0,0,0,0,0,0,0,0,0,0,0,0,0,0,0,0,0,0,0,0,0,0,0,0,0,0,0,0,0,0,0,0,0,0,0,0,0,0,0,0,0,0,0,0,0,0,0,0,0,0,0,0
2014-12-31,1052,1304,4501,1783,2985,2091,779,2108,1636,878,1573,1668,2670,1783,2889,1569,1942,2110,575,6543,740,0,2623,1604,1502,1544,1877,3429,601,2029,1908,1299,550,314,1262,1260,721,1280,1707,813,1800,1356,1767,1076,2126,458,1885,2129,815,2636,1092,405,1649,239,1317,747,1609,1976,1705,2584,1846,851,1423,1314,762,1651,218,1473,2349,387,1893,1954,1262,1355,2016,1910,1635,1742,166,0,1772,1945,2272,556,2804,2381,2115,656,909,2056,1742,2276,2115,1055,1654,2648,1458,1743,1459,421,390,2136,1023,0,1493,336,2266,588,989,2054,1184,1270,566,253,1531,1608,2668,1521,69,1555,1425,1266,281,1935,645,2722,1199,1493,1537,985,1601,681,2070,1813,1912,694,1009,225,1518,850,1518,1082,915,790,965,2331,1483,2619,0,1521,3056,4031,1065,811,626,517,981,985,306,2256,1877,1264,2238,1412,4467,243,925,518,633,1326,1106,290,1640,432,1059,1954,911,2455,160,2102,1205,1488,1661,611,0,1508,2103,2280,1462,3639,2123,197,827,669,906,1127,1518,446,134,578,1685,422,730,0,1450,1045,900,0,1043,701,799,527,292,1881,798,0,85,2174,148,977,1946,170,1022,597,154,1402,2105,1722,234,722,584,664,1208,1254,710,1704,1145,1023,470,919,1024,786,997,208,357,1441,1182,573,787,1885,193,0,161,681,169,372,2344,585,1299,670,227,164,267,1182,328,957,2573,1019,1018,343,1422,447,523,1067,0,292,1384,854,121,676,870,1384,357,1347,1305,278,749,207,614,155,225,1432,1135,176,988,225,188,975,2365,1742,467,1921,170,728,180,1651,337,164,241,0,1788,242,170,90,221,655,99,152,327,219,1152,202,156,46,0,138,128,568,1000,1032,0,1752,701,0,408,457,59,1147,346,854,3693,1857,1269,1745,0,0,0,0,0,0,0,0,0,0,0,0,0,0,0,0,0,0,0,0,0,0,0,0,0,0,0,0,0,0,0,0,0,0,0,0,0,0,0,0,0,0,0,0,0,0,0,0,0,0,0,0,0,0,0,0,0,0,0,0,0,0,0,0,0,0,0,0,0,0,0,0,0,0,0,0,0,0,0,0,0,0,0,0,0,0,0,0,0,0,0,0,0,0,0,0,0,0,0,0,0,0,0,0,0,0,0,0,0,0,0,0,0,0,0,0,0,0,0,0,0,0,0,0,0,0,0,0,0,0,0,0,0,0,0,0,0,0,0,0,0,0,0,0,0,0,0,0,0,0,0,0,0,0,0,0,0,0,0,0,0,0,0,0,0,0,0,0,0,0,0,0,0,0,0,0,0,0,0,0,0,0,0,0,0,0,0,0,0,0,0,0,0,0,0,0,0,0,0
2015-01-31,833,0,3186,1248,1992,1429,442,1499,1366,619,1124,1228,2069,1409,2468,1049,1447,1403,378,4157,484,0,1549,1107,1132,1131,1332,2232,319,1328,1250,866,380,243,864,939,500,873,1201,608,1108,982,1330,683,1568,462,1305,1065,524,2542,798,282,1087,500,958,515,975,1227,1194,2074,1174,563,1102,901,510,1224,0,941,1583,232,1384,1586,828,1104,1497,1701,1150,1044,102,0,1284,1381,1424,419,2154,1631,1696,493,674,1433,836,1570,1518,753,1177,1879,1057,1361,1097,839,153,1779,654,0,878,299,1465,283,625,1454,888,855,417,178,971,1118,0,1228,45,1138,917,743,203,1427,413,1802,758,1083,1109,566,1109,518,1250,1410,1307,578,835,155,1170,638,1184,795,635,549,579,1763,1001,1891,0,727,2441,2988,785,537,483,348,722,631,276,1641,1338,1038,1647,848,3139,189,596,322,505,1265,826,190,1264,344,639,1501,608,1562,161,1565,776,932,1277,440,0,916,1406,1783,977,2637,1359,82,638,490,593,832,1065,302,491,431,1323,272,581,0,974,799,467,0,673,519,532,426,154,1607,533,0,51,1607,107,676,1375,114,687,499,356,1097,1534,0,215,541,480,487,844,877,511,1150,751,693,310,765,782,596,638,0,303,1067,0,483,595,1385,196,0,178,429,102,276,1656,338,822,505,173,128,194,799,197,561,1769,511,690,203,929,335,299,657,0,204,1098,604,82,516,559,1067,258,1172,907,248,561,144,391,102,189,1004,853,138,762,224,134,626,1654,1263,334,1418,115,513,141,1082,249,123,150,0,1215,113,164,74,154,470,80,139,265,141,755,173,104,45,0,66,118,468,664,907,0,1349,565,0,282,302,42,754,223,545,2354,1952,939,1472,2162,152,1644,994,126,778,0,0,0,0,0,0,0,0,0,0,0,0,0,0,0,0,0,0,0,0,0,0,0,0,0,0,0,0,0,0,0,0,0,0,0,0,0,0,0,0,0,0,0,0,0,0,0,0,0,0,0,0,0,0,0,0,0,0,0,0,0,0,0,0,0,0,0,0,0,0,0,0,0,0,0,0,0,0,0,0,0,0,0,0,0,0,0,0,0,0,0,0,0,0,0,0,0,0,0,0,0,0,0,0,0,0,0,0,0,0,0,0,0,0,0,0,0,0,0,0,0,0,0,0,0,0,0,0,0,0,0,0,0,0,0,0,0,0,0,0,0,0,0,0,0,0,0,0,0,0,0,0,0,0,0,0,0,0,0,0,0,0,0,0,0,0,0,0,0,0,0,0,0,0,0,0,0,0,0,0,0,0,0,0,0,0,0,0,0,0,0,0,0
2015-02-28,562,0,2130,913,1363,1140,356,1023,891,447,739,800,1606,1059,2078,696,1035,1082,228,2238,382,0,1192,841,910,751,979,1468,216,1136,908,532,233,149,662,594,328,644,784,409,866,784,997,453,1276,256,896,0,442,1908,501,174,673,364,736,302,966,845,783,1227,745,322,883,503,326,869,0,512,1086,179,950,1193,529,695,1023,1243,885,692,98,0,860,943,1156,247,1532,1250,1193,337,593,973,854,1234,173,490,805,1258,868,871,726,0,55,1264,414,0,618,170,831,265,447,1043,459,592,301,114,610,869,0,899,40,746,662,555,156,908,346,1332,456,868,763,335,775,333,759,1065,927,342,516,80,762,480,861,550,326,336,410,1072,703,998,0,509,1856,2143,567,306,378,229,538,406,178,1180,934,862,1188,533,2102,135,447,166,273,894,547,149,894,260,431,728,450,1118,82,847,634,655,890,355,0,703,1001,1233,681,1901,910,25,390,261,370,578,641,168,369,250,884,191,430,0,590,589,297,0,516,423,336,256,107,1090,368,0,39,1049,73,506,1069,67,449,369,244,810,923,0,143,441,294,257,577,640,385,713,474,489,276,572,494,361,477,0,200,794,0,361,442,947,136,0,85,277,75,210,1658,233,652,363,139,85,117,438,157,351,1176,267,407,116,626,211,200,396,0,189,660,422,55,386,440,798,162,1043,688,165,416,62,242,56,121,718,570,92,491,159,99,448,1200,896,254,975,94,449,103,665,173,86,97,0,924,99,141,48,128,314,49,88,178,72,424,92,78,28,0,44,68,401,381,652,0,1216,347,0,155,178,21,452,173,318,1549,1624,719,1282,1469,117,1080,780,94,479,0,0,0,0,0,0,0,0,0,0,0,0,0,0,0,0,0,0,0,0,0,0,0,0,0,0,0,0,0,0,0,0,0,0,0,0,0,0,0,0,0,0,0,0,0,0,0,0,0,0,0,0,0,0,0,0,0,0,0,0,0,0,0,0,0,0,0,0,0,0,0,0,0,0,0,0,0,0,0,0,0,0,0,0,0,0,0,0,0,0,0,0,0,0,0,0,0,0,0,0,0,0,0,0,0,0,0,0,0,0,0,0,0,0,0,0,0,0,0,0,0,0,0,0,0,0,0,0,0,0,0,0,0,0,0,0,0,0,0,0,0,0,0,0,0,0,0,0,0,0,0,0,0,0,0,0,0,0,0,0,0,0,0,0,0,0,0,0,0,0,0,0,0,0,0,0,0,0,0,0,0,0,0,0,0,0,0,0,0,0,0,0,0
2015-03-31,1012,0,3574,1401,2201,2047,617,1867,1505,769,698,1370,2397,1634,2996,1190,1794,1587,384,15,658,0,2279,1308,1313,1322,1606,2457,539,1534,1550,942,472,317,1042,1045,594,1015,1339,664,1402,1527,1476,815,1992,416,1473,0,938,3021,854,403,1112,688,1151,573,1319,1503,1303,2469,1256,675,1338,1056,649,1467,0,1204,2067,279,1575,1638,1009,1190,1756,1965,1432,1542,177,0,1300,1645,1830,415,2596,2130,2105,553,958,1695,1542,2040,1664,918,1584,2137,1287,1501,1252,0,272,1853,1016,0,1069,314,2008,530,724,1590,1075,966,521,295,1132,1312,0,1308,73,1286,1158,1148,295,1561,678,2172,1083,1327,1281,725,1460,539,1833,1725,1431,574,981,213,1250,1026,1396,885,817,563,758,1564,1258,2167,0,782,3444,3419,1053,654,578,639,675,821,0,2192,1562,1408,1896,1117,3353,257,808,471,570,1374,965,217,1527,433,850,1586,765,1999,246,1892,859,1303,1537,610,0,1137,1634,1890,1366,5916,1584,183,728,618,771,1020,1350,515,635,496,1950,377,750,0,1240,848,625,0,792,532,547,523,285,1613,729,0,71,1771,171,857,1515,137,923,718,489,1174,1799,0,273,473,537,542,858,957,594,1118,940,806,406,893,971,753,843,0,345,1296,0,544,717,1657,227,0,231,615,139,390,3185,533,1176,615,203,207,212,809,251,736,2247,801,995,294,1127,381,472,998,0,347,1195,699,163,579,805,1367,281,1237,1258,232,324,211,460,121,185,1146,1147,217,891,222,187,829,2021,1472,430,1738,99,693,258,1277,255,159,217,0,1291,205,173,117,194,583,115,148,454,114,894,192,205,39,0,83,84,536,778,971,0,1778,579,0,289,411,52,1082,278,685,3186,2493,1409,1672,2399,185,2073,1210,176,908,29,303,3,92,0,0,0,0,0,0,0,0,0,0,0,0,0,0,0,0,0,0,0,0,0,0,0,0,0,0,0,0,0,0,0,0,0,0,0,0,0,0,0,0,0,0,0,0,0,0,0,0,0,0,0,0,0,0,0,0,0,0,0,0,0,0,0,0,0,0,0,0,0,0,0,0,0,0,0,0,0,0,0,0,0,0,0,0,0,0,0,0,0,0,0,0,0,0,0,0,0,0,0,0,0,0,0,0,0,0,0,0,0,0,0,0,0,0,0,0,0,0,0,0,0,0,0,0,0,0,0,0,0,0,0,0,0,0,0,0,0,0,0,0,0,0,0,0,0,0,0,0,0,0,0,0,0,0,0,0,0,0,0,0,0,0,0,0,0,0,0,0,0,0,0,0,0,0,0,0,0,0,0,0,0,0,0,0,0,0,0,0,0
2015-04-30,1487,2257,6945,2627,4751,3502,1408,4541,2618,1615,1472,2426,4119,2699,4246,2969,3046,3215,200,0,1413,0,5188,2729,2218,2541,3070,4931,2192,2932,3060,1858,1510,626,1919,2192,1234,2174,2830,1373,2864,2317,3258,1841,3894,685,2675,0,1808,6101,1226,966,2488,1491,2175,1104,2531,3262,2978,4063,2387,350,1949,2611,1832,2700,421,2962,4350,586,2683,2587,2033,2168,3359,4225,279,3452,410,0,2682,3601,3292,917,4933,3484,1933,1038,1546,3573,3468,3430,2817,1829,2757,3261,2513,2564,2361,0,1270,3051,1759,0,2724,778,4917,1190,1726,3144,1745,1747,1013,753,2658,2784,4966,2433,195,2116,2239,1590,533,3583,1149,2731,2951,2333,2879,1728,2634,983,5243,3169,3038,1018,1835,589,2482,1948,2477,1237,1941,0,1713,2844,2990,4730,0,1601,4301,6356,1859,1317,1128,1994,1299,1458,0,3856,2874,2889,3501,2119,4964,649,1421,1595,1264,2147,1662,409,2705,920,1731,2527,1703,3113,598,4595,1491,2448,2561,1243,437,2298,3491,3200,2381,4783,3657,1031,1345,1269,1307,1799,3515,1289,1221,964,3225,733,1395,0,2205,1293,1459,0,1488,1050,1263,1019,948,2958,1348,0,168,3098,355,1431,2851,459,1899,1793,1076,2056,3837,3101,606,0,1410,1100,1928,2252,1045,2337,2087,1345,788,1499,1586,1505,1396,391,734,1189,1611,857,1183,3136,450,0,370,1757,289,829,3288,1398,2382,1123,411,602,466,1922,0,1800,4723,3162,2206,568,2540,622,793,2919,0,691,2181,1214,373,1122,1759,2164,749,1867,1959,552,1410,587,1085,325,422,2092,1890,400,1485,410,409,1425,4036,2379,836,2438,207,1143,685,0,540,328,480,0,3315,659,446,188,338,943,247,349,803,440,2034,464,649,59,0,165,130,861,1888,735,0,3405,1224,0,946,1117,86,2435,561,1650,5801,3280,2293,2794,0,0,0,0,0,0,639,0,6,0,6864,776,0,0,0,0,0,0,0,0,0,0,0,0,0,0,0,0,0,0,0,0,0,0,0,0,0,0,0,0,0,0,0,0,0,0,0,0,0,0,0,0,0,0,0,0,0,0,0,0,0,0,0,0,0,0,0,0,0,0,0,0,0,0,0,0,0,0,0,0,0,0,0,0,0,0,0,0,0,0,0,0,0,0,0,0,0,0,0,0,0,0,0,0,0,0,0,0,0,0,0,0,0,0,0,0,0,0,0,0,0,0,0,0,0,0,0,0,0,0,0,0,0,0,0,0,0,0,0,0,0,0,0,0,0,0,0,0,0,0,0,0,0,0,0,0,0,0,0,0,0,0,0,0,0,0,0,0,0,0,0,0,0,0,0,0,0,0,0,0,0,0,0,0,0,0,0,0,0,0,0,0,0,0,0,0,0,0,0
2015-05-31,1984,3897,10265,3641,6891,5137,2055,5658,3829,2266,4468,3817,4996,3994,6213,4355,4497,3937,1108,0,2122,0,7507,4144,2777,3179,4631,7030,4696,4439,4446,2426,2693,853,2735,3189,1618,3623,4482,2063,4521,3250,3939,2838,4943,933,3681,0,2371,9469,1735,1407,3944,2155,2762,1671,3903,5305,4327,5017,2318,1933,2638,4563,3259,3874,642,5002,7170,1030,3518,3510,3010,3162,5196,6895,2923,6650,629,0,3605,5610,5159,1377,7106,4593,2281,1533,1618,6127,4226,4516,3739,2802,4258,4302,3862,3590,3345,0,3102,4146,2561,0,3754,1198,8105,1478,2608,1138,1050,2299,1499,1167,4722,4194,7442,3727,350,1408,2960,1826,727,4777,1577,1763,5610,3620,5023,2368,3933,1328,9588,4485,4589,1353,2395,935,3551,2943,3509,1947,1598,0,2541,3948,5451,6766,0,2340,5285,9283,2558,2112,1632,3547,2037,2017,0,5410,4161,3502,4740,3364,2539,1005,2009,2596,1862,4120,2342,757,3794,1307,2391,3544,2389,4511,949,7628,2094,3547,3406,1845,2297,2857,5156,4688,3538,6021,7534,1626,2342,1702,1836,2482,6242,1939,1726,1546,6940,1252,2244,0,3035,1929,2037,0,2085,1335,1715,1603,1518,4027,1753,0,364,4430,478,2650,3549,865,3178,2954,1555,3007,42,4343,899,1217,2301,1806,3236,3364,1489,3194,3953,1610,1068,2037,2138,2263,1878,629,1085,0,2303,1238,1592,4210,675,0,533,2812,496,1108,6168,2226,3455,1658,639,1090,596,2642,0,3132,6218,7426,3400,813,3428,939,1245,6345,0,997,4306,1710,512,1672,2410,2657,1101,2555,2159,761,1985,795,1611,508,605,3064,2392,663,1903,505,680,2062,7007,3322,1302,3279,225,1429,915,0,849,530,672,0,5287,1293,601,278,459,1345,495,540,1202,707,2785,702,1282,64,0,340,158,1124,3153,0,0,3604,1742,0,1824,2307,175,3875,800,3235,10388,4327,3259,3940,0,0,0,0,0,0,965,0,6,0,12988,199,1335,0,0,0,0,0,0,0,0,0,0,0,0,0,0,0,0,0,0,0,0,0,0,0,0,0,0,0,0,0,0,0,0,0,0,0,0,0,0,0,0,0,0,0,0,0,0,0,0,0,0,0,0,0,0,0,0,0,0,0,0,0,0,0,0,0,0,0,0,0,0,0,0,0,0,0,0,0,0,0,0,0,0,0,0,0,0,0,0,0,0,0,0,0,0,0,0,0,0,0,0,0,0,0,0,0,0,0,0,0,0,0,0,0,0,0,0,0,0,0,0,0,0,0,0,0,0,0,0,0,0,0,0,0,0,0,0,0,0,0,0,0,0,0,0,0,0,0,0,0,0,0,0,0,0,0,0,0,0,0,0,0,0,0,0,0,0,0,0,0,0,0,0,0,0,0,0,0,0,0,0,0,0,0,0,0,0
2015-06-30,2309,0,9457,3426,5859,4763,1809,5190,2695,2116,4453,4047,4425,4223,6220,3623,4836,3738,1238,0,2064,0,7029,3838,2708,3272,4298,7187,4241,4752,4303,2805,1947,827,2836,2900,1542,3335,4238,1806,3815,3268,4025,2594,4792,1007,3751,0,3026,8962,2025,1192,3989,2200,2724,1602,3691,4576,3927,5071,0,2158,2930,3935,3166,3508,0,4521,6663,1020,3675,3556,2889,3592,5226,6661,2791,5816,621,0,3986,5333,4950,1202,7058,4691,4800,1428,1687,5830,3485,4069,3769,2826,3737,4675,3541,4165,3638,0,2075,4455,2637,0,3203,1021,6832,1045,2315,0,1231,2324,1277,954,4453,4003,0,3802,232,1046,3069,2423,668,5008,1776,5721,5244,3971,4999,2424,3594,1194,8796,4589,4365,1349,2634,857,3489,2767,3558,1968,13,0,2544,4106,4699,6221,0,1999,5223,8540,2874,2161,1557,2584,1995,1924,0,5514,4197,3407,5336,3245,2483,938,2005,1991,1944,3893,2357,707,3922,1101,2495,3775,2315,4624,911,7105,1990,3859,3267,1657,2797,2798,4411,4439,3283,5870,7306,1278,2250,1863,1800,2557,5471,1465,1755,1569,7772,1159,1904,0,3240,2229,2070,0,1956,1412,1363,1498,1095,3941,1655,0,303,4360,507,2564,3744,559,3161,2385,1724,3103,0,0,857,1321,2135,1601,3712,3069,1320,3227,4212,1693,946,2295,2107,2324,1774,0,992,2,0,1161,1314,4189,628,0,618,2554,399,1008,6234,2354,3550,1647,637,891,642,2476,0,3305,6105,5336,2960,808,3463,898,1205,5686,0,917,4048,1874,445,1357,2160,2636,994,2641,2075,718,1627,769,1600,444,580,3014,2482,656,1906,468,466,1828,6717,3419,1231,3318,233,1339,823,6546,730,460,734,0,4961,869,509,249,456,1429,460,380,1244,563,2761,604,954,89,0,279,107,1319,2839,1392,0,3764,1969,0,1493,2345,143,3735,697,2808,11052,5296,2827,4528,7162,544,4669,3654,532,2478,790,13347,0,386,0,0,0,2974,0,0,0,0,0,0,0,0,0,0,0,0,0,0,0,0,0,0,0,0,0,0,0,0,0,0,0,0,0,0,0,0,0,0,0,0,0,0,0,0,0,0,0,0,0,0,0,0,0,0,0,0,0,0,0,0,0,0,0,0,0,0,0,0,0,0,0,0,0,0,0,0,0,0,0,0,0,0,0,0,0,0,0,0,0,0,0,0,0,0,0,0,0,0,0,0,0,0,0,0,0,0,0,0,0,0,0,0,0,0,0,0,0,0,0,0,0,0,0,0,0,0,0,0,0,0,0,0,0,0,0,0,0,0,0,0,0,0,0,0,0,0,0,0,0,0,0,0,0,0,0,0,0,0,0,0,0,0,0,0,0,0,0,0,0,0,0,0,0,0,0,0,0,0,0,0,0,0,0,0,0,0,0,0,0
2015-07-31,2556,3831,10341,3958,6424,5397,2185,5688,4846,2743,4943,4772,5339,4806,7355,3912,5249,4154,1388,0,2888,0,8087,4471,3085,3733,5040,8118,4083,5168,4813,3078,2393,864,3565,3374,1717,3530,4728,1980,4174,3275,5175,2743,4873,1087,4528,0,3106,10073,2232,1532,4322,2695,3076,1952,3552,5625,4683,5638,1956,2678,3368,3462,3952,4214,670,4938,7644,1077,4212,4027,3470,3766,5185,7684,3167,7144,635,0,4759,6157,5163,1402,7426,5301,5674,1726,1823,6192,3893,4336,4389,2856,4215,5448,3893,4551,3914,0,2572,5160,2975,0,3698,1224,8793,1239,2871,2704,2577,2790,1486,988,4914,4477,7941,4370,284,3047,3339,2396,824,5455,2001,6468,5714,4242,5680,2626,3877,1388,11099,5021,4821,1477,2946,1001,3721,3149,4190,2117,2958,0,2864,4141,5784,6801,0,2486,5820,9181,3217,2361,1654,3022,2567,2254,0,6319,4678,3929,6228,3608,5577,1157,2260,2251,2400,3415,2507,0,4667,1056,2976,4362,2537,5366,989,8605,2410,4184,3830,2286,3428,2975,5148,4814,3836,6938,6933,1500,2708,2108,2081,3024,7195,1759,2009,1859,8647,1293,2155,0,3385,2998,1819,0,2307,1684,1767,1488,1292,4710,0,0,361,5132,581,3003,3889,791,3503,2508,1851,3600,0,4762,899,1547,2435,1720,3439,3449,1500,3897,4681,1941,1193,2656,2431,2641,2158,725,1134,3644,2620,1207,1471,4281,789,0,679,3329,640,1222,6631,2626,3604,1811,609,471,829,3197,0,3422,6855,7519,3807,885,4013,972,1469,7288,0,1070,3277,2128,547,1322,2530,3114,1659,2705,2366,850,0,1143,2089,434,780,3565,2940,673,2480,471,490,2219,7579,4061,1435,4199,345,1583,835,8091,1102,499,473,0,5131,1103,589,273,521,1528,480,430,1450,717,3567,647,1350,51,0,290,177,1362,3234,2404,0,4347,2369,0,1592,2909,216,4238,788,3584,12359,5368,916,5209,0,0,0,0,0,0,793,0,0,0,14493,542,3312,0,35,2097,652,3592,51,0,0,0,0,0,0,0,0,0,0,0,0,0,0,0,0,0,0,0,0,0,0,0,0,0,0,0,0,0,0,0,0,0,0,0,0,0,0,0,0,0,0,0,0,0,0,0,0,0,0,0,0,0,0,0,0,0,0,0,0,0,0,0,0,0,0,0,0,0,0,0,0,0,0,0,0,0,0,0,0,0,0,0,0,0,0,0,0,0,0,0,0,0,0,0,0,0,0,0,0,0,0,0,0,0,0,0,0,0,0,0,0,0,0,0,0,0,0,0,0,0,0,0,0,0,0,0,0,0,0,0,0,0,0,0,0,0,0,0,0,0,0,0,0,0,0,0,0,0,0,0,0,0,0,0,0,0,0,0,0,0,0,0,0,0,0,0,0,0,0,0,0,0,0,0,0,0,0,0,0
2015-08-31,2640,3799,11801,4288,7031,5417,2470,6306,4583,2838,5501,4866,5690,4807,7854,4283,5335,4537,1401,0,2851,0,9509,4583,3540,3842,5275,9050,4116,5577,5139,3104,2502,961,3461,3403,2270,3709,5038,2310,4542,3620,5021,3106,5570,1108,4390,0,2950,10939,2499,1643,4693,2829,3358,2073,3202,5999,5102,5710,4206,2975,3207,3718,4423,4355,798,5119,8022,1002,1686,4154,3987,4148,5452,8442,3271,8916,621,0,5045,6228,5250,1375,7686,5286,6175,1827,2018,6606,4009,4103,4568,2882,4756,6004,4185,4685,4066,0,3114,6352,3373,0,4304,1245,9914,1399,3119,4702,2509,2850,1443,1272,5258,4875,8375,4552,322,3147,3455,2328,768,5538,2089,6879,6826,4196,6202,2726,4160,1293,11509,5154,5301,1539,2917,1293,3880,3504,4176,3051,3492,0,2781,4346,5898,7318,0,2329,5952,9839,3223,2382,1747,3808,2648,2419,0,6479,4843,4212,6421,3662,5890,1453,2221,2521,2335,3042,2774,0,4750,1135,3138,4575,2595,5506,837,8873,2622,4034,4092,2447,3584,3038,5137,4985,3981,6614,6790,1646,2517,845,2213,3276,7738,1620,2244,1818,8159,1457,2521,0,3943,3285,2212,0,2407,1644,2012,1471,1418,4406,0,0,365,4934,621,2998,4425,1021,3608,2563,1817,3880,0,4752,891,1454,2597,1753,3459,3701,1532,4044,4971,2172,1145,2753,2926,3495,2114,805,561,4333,2569,1379,1615,4793,732,0,758,3581,646,1267,6457,3294,3745,2078,713,940,835,3315,0,3445,7872,8204,4452,858,4234,1121,1513,7866,0,1159,3327,2359,802,1449,2567,2861,1724,2698,2172,876,0,1247,2035,526,796,3543,3406,653,2511,464,504,2800,7527,4276,1555,4771,544,1602,795,8709,1099,674,139,0,5134,1372,637,269,576,1874,432,615,1489,814,3697,0,1713,68,0,336,249,1060,3496,2486,0,5436,2548,0,1459,3175,200,4772,795,3830,12611,6000,0,5319,0,0,0,0,0,0,803,0,0,0,14498,600,3526,0,3,2691,718,5995,1240,1039,315,1214,551,1040,2605,771,281,172,579,267,853,387,895,492,485,803,627,229,473,314,414,381,390,645,467,206,534,571,117,589,464,718,1386,92,829,217,225,216,376,205,173,206,264,138,134,231,251,81,116,328,133,71,87,85,97,82,83,77,72,56,121,35,43,299,481,75,63,15,39,41,40,30,43,55,45,37,192,266,40,16,23,34,16,27,29,30,19,60,58,69,0,0,0,0,0,0,0,0,0,0,0,0,0,0,0,0,0,0,0,0,0,0,0,0,0,0,0,0,0,0,0,0,0,0,0,0,0,0,0,0,0,0,0,0,0,0,0,0,0,0,0,0,0,0,0,0,0,0,0,0,0,0,0,0,0,0,0,0,0,0,0,0,0,0,0,0,0,0,0,0,0,0,0,0,0,0,0,0,0
2015-09-30,3115,4161,11291,4357,7282,6293,2648,6477,5061,2993,5078,5242,6071,4884,7770,4368,5657,4893,1376,0,2244,0,9120,4870,4163,3893,5526,9053,3837,4930,5355,3272,1957,988,3652,3577,2279,3667,4783,2215,5372,3691,5582,2880,5539,1119,4020,0,2707,10127,3036,1734,4577,2809,3208,2052,4242,5950,5138,5949,4173,2799,2670,3986,3966,4183,903,0,8525,1053,4129,3933,3869,4366,5832,7825,3195,7579,497,0,4814,6593,5668,1469,7925,5665,6558,1763,2004,5116,5551,5009,4522,3137,3405,5582,4223,4855,3854,0,2869,5930,2511,0,4921,1302,6487,1861,2956,4813,3416,4381,1681,1518,5462,4954,8229,4686,389,3474,3452,2748,677,5755,2451,7259,6720,4014,5985,3011,4359,1566,10460,4580,5285,1686,3043,1513,4189,3667,4217,2395,3790,0,2780,3764,5266,7352,0,2386,6300,10286,3399,2375,1773,3776,2552,2386,0,6393,5083,4683,6610,1929,7027,1652,2353,2204,2317,3343,3132,0,5253,1289,3139,4521,2975,5736,766,8333,2639,4526,4189,2103,4331,3725,5489,5114,4021,6632,7183,1507,2828,0,2527,3315,6415,1614,2089,1923,7724,1401,2584,0,4221,3515,2328,0,2293,1661,1906,1153,1555,5023,0,0,457,5202,582,2906,4546,859,3571,2422,1950,4050,0,1298,1077,1462,2756,2027,3466,3872,1654,3906,4650,2133,1166,2770,2746,2772,2102,838,464,4481,2809,1369,1651,4980,832,0,728,3242,656,1046,7132,2967,3791,1706,843,1676,889,3517,0,3658,7257,7792,3956,969,4217,1203,1506,7307,0,1134,3510,2640,744,1485,2680,3559,1505,2782,2166,912,0,1395,2073,645,693,3983,2535,612,2271,580,766,2746,7275,4402,1279,4727,421,1663,700,7977,974,751,742,0,5812,1170,689,363,551,1778,546,578,1518,816,4113,0,1648,55,0,413,225,1771,3400,2411,0,3987,2795,0,1681,3018,158,3470,909,3536,14063,5576,0,5403,0,0,0,0,0,0,850,0,0,0,14923,608,3954,0,0,1631,753,6142,918,0,0,1166,623,1118,3993,1290,640,176,986,567,1464,778,1607,1130,1329,1738,1295,343,1249,795,961,926,877,1789,1077,593,1228,1304,259,1501,1288,2343,3381,367,2366,588,558,435,1108,831,546,576,743,575,321,786,96,314,446,928,435,215,224,329,292,344,420,288,329,162,568,161,149,1472,2537,404,346,133,230,169,245,233,340,389,223,465,1785,2219,351,177,199,323,271,158,240,336,316,0,3003,4020,2618,2575,4904,2765,2030,1775,2169,4390,2502,2513,1578,2093,2346,2071,1863,1725,138,2266,1178,2983,1641,1648,2083,1332,913,1159,1678,1963,887,2360,748,188,157,84,839,128,197,79,129,8,0,0,0,0,0,0,0,0,0,0,0,0,0,0,0,0,0,0,0,0,0,0,0,0,0,0,0,0,0,0,0,0,0,0,0,0,0,0,0,0,0,0,0,0,0,0,0,0,0
2015-10-31,3056,3849,10989,3461,6325,6400,2110,5188,3442,2559,4351,4905,5895,3989,7163,3831,5385,5247,1144,0,2161,0,0,4251,4053,4118,5381,8815,2784,4340,4516,991,1584,831,606,3418,2738,3174,4487,1993,5842,3770,5297,2382,4955,1024,3835,0,2892,9121,2788,1424,3740,2511,2342,1810,5400,4852,4938,6192,4810,2566,3385,3687,3058,3883,766,0,7667,1044,4104,3812,3385,5049,5201,6552,3199,5918,441,0,4427,5808,5082,1282,7362,5814,5825,1545,1889,0,0,5525,4350,3323,3279,5618,4144,5137,3903,0,1721,5491,2466,0,4532,1009,5882,1700,2570,4678,3687,4359,1569,1018,5596,4130,7138,4299,297,2899,3339,3105,1091,4819,2671,6606,5544,3648,4802,2646,3926,1555,7922,4229,4736,1508,2902,1265,3951,3546,3747,2179,3274,0,2455,4688,5923,6834,0,2208,6375,9928,2956,2002,1488,2944,2277,2125,0,5756,4947,4040,6336,2804,3787,1403,1977,1974,1725,3884,3067,0,5163,972,2738,4690,819,5908,667,6739,2316,4489,3739,0,4211,4031,5038,5057,3834,6707,6491,839,2540,0,2052,2847,4974,1163,1988,2042,7593,1062,2850,0,4678,3307,2095,0,2181,1483,1633,1382,1146,4656,0,0,334,4887,533,2570,3748,626,2988,2686,1881,3378,0,0,813,1216,3518,1752,3253,3520,1735,3508,3585,2659,1053,2806,2458,2212,2248,807,826,3863,2593,1206,1496,5114,672,0,648,2435,484,1015,6983,2066,4089,1755,847,1286,757,2964,0,2917,6439,6815,3720,777,3993,995,1298,5405,0,972,4077,2838,574,1427,2158,3392,1104,2689,2323,793,0,1063,1685,534,605,3783,2151,536,2031,496,786,2799,6285,4400,1124,6078,0,1534,616,6188,845,679,688,0,4770,893,629,357,466,1674,509,442,1221,664,4147,266,1076,58,0,326,197,2085,2988,2234,0,3848,2374,0,1533,2147,219,2811,806,2570,11340,5586,10,5107,0,0,0,0,0,0,697,0,0,0,7081,513,3777,0,0,1323,842,5315,517,0,0,0,357,0,4154,1007,584,3,723,448,1169,608,1342,1006,1269,1531,1397,226,869,695,973,655,722,1471,848,527,895,1015,211,1342,882,2060,2579,377,2370,555,438,548,992,784,497,434,572,323,264,632,668,308,354,837,454,225,244,221,318,365,392,251,340,197,599,152,152,1314,2335,298,281,153,292,163,299,237,301,384,253,475,1839,2432,274,203,191,341,183,136,192,326,383,0,3400,3594,0,2449,0,3228,1917,2043,2543,5565,3127,2946,2396,1740,3735,2820,1714,2586,187,3521,1269,2923,2283,2772,3433,2610,1588,1599,2261,3036,1687,3555,1874,701,689,414,2517,6768,2907,1691,3775,367,4076,7725,321,222,3361,1282,3359,638,425,1238,1581,1882,845,1006,2587,1275,35,10,0,0,0,0,0,0,0,0,0,0,0,0,0,0,0,0,0,0,0,0,0,0,0,0,0,0,0,0,0,0,0
2015-11-30,2258,3092,8810,3290,5254,4603,1789,3278,4129,1992,3301,3853,5046,3703,5760,3268,4474,3836,941,0,1735,0,0,3558,3153,3595,4039,7175,2087,3732,3904,2238,1237,695,2479,2529,2567,2707,3674,1717,4501,3040,4157,1956,4539,888,3141,0,2129,7740,2340,1175,3094,1788,20,1590,4186,4093,3882,5314,3631,2019,2858,3172,2304,3150,600,0,6080,895,3378,3437,2703,3768,4441,5396,2808,4637,364,0,3706,4490,4044,1090,6168,4854,4455,1238,1709,2806,0,3967,3847,2077,3183,4776,3393,4286,3015,0,1284,4644,779,0,3591,824,4523,1233,2148,3926,3279,2945,1252,792,3540,3589,5915,3533,285,1500,2836,2497,847,3879,1890,5360,4314,2930,3490,2074,3206,1248,6060,3524,4061,1259,2356,1087,3268,2323,3071,1828,2423,0,1950,4044,4357,5464,0,1756,5408,8268,2326,1620,1258,2271,1858,1802,0,4400,3999,3098,5105,2294,0,912,1577,1746,1319,2811,2358,0,4030,763,2129,3970,1963,4621,449,5276,1970,3394,3181,0,3287,3123,4355,4394,3086,5769,5030,694,1909,0,1727,2349,4192,886,1575,1633,3311,851,2127,0,3358,3456,1644,0,1968,1287,1640,1439,942,3831,0,0,229,4119,486,2122,2993,468,2333,1712,1543,2799,0,0,657,985,2050,1473,2706,2855,1549,2998,2743,1922,819,2358,2229,1719,1867,683,764,3013,2306,917,1203,4064,477,0,497,1909,469,1192,5776,1457,3479,1486,668,1147,677,2333,0,2366,5560,4954,2337,706,3177,885,1053,3960,0,766,3979,2340,347,1162,1884,2959,886,2472,2141,669,0,853,1303,407,463,2944,2236,446,1747,368,719,1931,5181,3698,1021,4541,0,1352,507,4810,752,424,557,0,3776,584,483,358,418,1211,340,318,1105,524,2997,369,839,34,0,315,195,1495,2416,2236,0,3306,1933,0,1349,1648,170,2341,643,2167,11267,5008,0,4419,0,0,0,0,0,0,549,0,0,0,5255,415,3144,0,0,1141,713,3839,316,0,0,0,280,0,3545,808,555,0,628,288,987,530,1074,841,1208,1316,1083,191,666,532,837,557,570,1361,561,406,765,740,180,1198,809,1939,1951,256,1954,438,348,450,779,694,426,299,422,283,137,517,655,255,283,708,372,185,167,226,322,229,274,214,249,126,455,112,92,1266,2090,247,201,104,222,80,223,198,262,294,169,374,1544,1965,212,106,176,264,131,116,121,256,272,0,2723,2829,0,1085,0,2529,1405,1654,1711,4703,2680,2190,0,1274,2931,841,1002,1935,167,2797,660,2101,1630,2541,2790,1579,1015,992,1808,2757,1476,3415,1251,576,630,323,1857,5634,2899,1164,2546,355,1255,6172,311,150,2951,1616,3107,688,537,1389,1666,3038,1453,1510,1865,2903,260,125,1755,2340,188,439,1010,913,334,0,0,0,0,0,0,0,0,0,0,0,0,0,0,0,0,0,0,0,0,0,0,0,0
2015-12-31,1873,2502,7101,2678,3968,3492,1420,3620,3251,1654,2571,3235,4258,3164,4497,2590,3733,3137,717,0,1107,0,0,3061,2899,3090,3420,6166,1544,3296,3284,1877,964,550,2103,2073,2010,2161,3001,1364,3363,2602,3143,1640,3073,709,2485,0,2235,6105,1977,859,2611,1385,1986,1395,3235,3314,3257,4419,2853,1675,2302,2495,2155,2817,467,0,4757,758,2622,3016,2349,3261,3754,4211,2381,3298,303,0,3000,3503,3282,976,5551,3940,3686,1077,1334,3117,0,3202,3241,1752,2905,4015,2888,3253,2272,0,925,3727,1,0,2325,732,3534,918,1707,3126,2430,2361,1057,509,2790,2848,4752,2998,209,2145,2304,2090,692,3054,867,4719,3197,2661,2773,1579,2785,986,4542,2890,3345,1093,2177,759,2606,1648,2428,1499,1923,0,1436,3125,3236,4426,0,1542,4370,6918,1879,1315,994,1481,1756,1599,0,3541,3234,2880,4075,2047,0,810,1235,1383,1211,2360,2086,0,3176,586,1804,3390,1700,4002,347,4172,1762,2857,2865,0,2643,2374,3679,3978,2558,5090,3942,528,1648,0,1519,2085,3232,702,1378,1235,2967,687,1458,0,2790,2975,1322,0,1597,1176,1191,1123,692,3241,0,0,213,3445,414,1754,2600,290,1872,1664,1293,2354,0,0,517,980,1290,1208,2198,2452,1168,2518,2085,1801,713,2169,1887,1418,1675,631,594,2628,2012,905,1105,3487,373,0,412,1383,288,650,4337,1163,2506,1240,549,775,458,1902,0,1978,4724,4304,1909,521,2490,648,899,2833,0,593,3338,1960,314,882,1558,2423,717,2111,1707,599,0,695,1080,253,390,2353,2020,352,1524,324,570,1699,4207,3056,777,4001,0,1256,451,3956,668,314,388,0,3208,518,449,234,342,1017,275,282,876,383,2506,271,583,22,0,236,150,1255,1868,1872,0,2794,1465,0,1029,1139,146,1829,529,1524,8843,4165,0,3614,0,0,0,0,0,0,432,0,0,0,4634,303,2854,0,0,916,539,2808,285,0,0,0,169,0,2776,769,387,0,417,218,716,381,807,702,877,1049,928,131,477,373,692,372,490,963,393,276,523,461,104,870,653,1400,1312,234,1703,389,292,340,610,521,341,216,298,226,99,397,499,192,272,490,264,168,142,216,270,234,241,158,224,129,439,97,83,831,1655,174,156,117,138,70,206,174,258,260,165,282,1395,1798,223,73,183,273,111,99,100,259,234,0,1859,2222,0,1512,0,2165,1100,1440,1226,3533,1834,1604,0,889,2359,1239,701,1276,139,2321,0,1241,1098,2045,1876,1214,668,538,1249,2092,1290,2163,967,436,486,245,1211,3937,2135,847,1723,292,1560,5017,223,150,2558,1002,2149,470,446,1044,1128,2814,1203,1199,1354,2682,249,122,1249,2097,176,411,1053,991,474,274,427,473,13,15,0,0,0,0,0,0,0,0,0,0,0,0,0,0,0,0,0,0,0
2016-01-31,1031,1669,4533,1847,2304,1943,656,2485,0,935,1450,1931,2740,2068,3465,1637,2355,1860,513,0,717,0,0,2102,2010,1779,2039,3813,754,1986,2240,1057,646,435,1341,1381,1130,1215,1809,1020,1676,1706,1835,933,2065,681,1604,0,1754,4104,1284,534,1844,794,1415,968,1783,2081,1931,2881,1824,1023,1619,1445,1223,1833,267,0,3077,427,1720,1984,1387,2194,2366,3160,1492,2036,171,0,2006,2425,2010,637,3552,2468,2439,592,897,1969,2,2159,2397,1158,1660,2676,1908,2081,1430,0,409,2428,0,0,1299,469,2034,416,1036,1881,1284,1372,699,295,1450,1726,3061,1968,135,1390,1472,1252,516,1940,0,3098,1849,1892,1739,945,1715,690,2548,2060,2442,779,1447,468,1871,1135,1663,983,1275,0,988,2143,1915,2977,0,843,2904,4761,1210,863,658,800,1163,1035,0,2279,2187,1845,2646,1196,0,571,691,951,788,1550,1290,0,2214,329,1107,2276,1161,2554,231,2425,1187,1767,1835,0,1544,1478,2260,2597,1714,3617,2292,249,1084,0,920,1204,1520,454,798,673,1914,471,853,0,1677,2109,707,0,921,808,936,679,411,2349,0,0,137,2045,327,1086,1815,186,1125,1090,810,1599,0,1519,397,594,951,805,1550,1747,850,1576,1178,1040,453,1475,1235,886,1134,467,398,1684,1401,722,814,2090,305,0,311,901,221,472,2496,601,1645,768,357,510,312,999,0,1148,2866,1870,1283,347,1527,366,645,1467,0,607,2122,1316,190,652,932,1803,505,1518,1093,466,0,431,775,0,326,1368,1281,273,920,311,418,1194,2813,1911,399,2893,0,925,303,2298,366,183,280,0,1995,216,320,144,271,675,173,198,626,243,1435,241,304,18,0,134,91,762,1086,1405,0,2039,891,0,667,661,126,1063,306,923,6437,2634,0,2217,0,0,0,0,0,0,405,0,0,0,2918,196,1995,0,0,438,250,1660,71,0,0,0,72,0,1775,551,309,0,211,123,475,238,436,395,471,704,636,73,359,333,439,313,293,658,247,223,266,291,30,559,443,800,809,139,1030,202,144,198,495,354,211,116,219,150,70,248,310,123,182,271,140,87,71,127,179,153,143,130,149,76,308,64,72,655,1102,90,126,68,133,63,183,127,159,133,77,212,1034,945,132,73,102,209,76,51,61,169,138,0,1136,1059,0,888,0,1217,718,877,854,2202,1074,1008,0,492,1403,797,401,749,97,1591,0,767,531,1246,1174,698,410,293,617,1168,901,1226,435,302,248,185,732,1830,1427,402,950,187,997,3092,132,90,1236,561,1078,264,215,605,679,1697,784,671,1025,85,165,63,732,1113,117,268,730,566,392,304,474,372,87,295,2076,414,94,0,0,0,0,0,0,0,0,0,0,0,0,0,0,0,0
2016-02-29,1200,1951,4913,2088,2503,2224,859,2814,0,1082,1615,2227,3007,2411,3436,1940,2828,1988,652,0,808,0,0,2165,2221,2037,2431,3810,979,2293,2386,1303,705,444,1503,1444,1204,1090,2118,1192,2379,1847,2229,1127,2387,617,1739,0,1669,4031,1339,595,1885,1006,1602,971,2341,2112,2179,3336,2075,1079,1699,1559,1337,2111,307,0,3195,447,1880,2075,1617,2607,2644,3478,1774,2360,182,0,2402,2664,2053,676,3739,2900,2771,728,969,2435,0,2304,2421,1227,1751,3006,2013,2427,1547,0,520,2732,0,0,1685,438,2255,526,1124,2271,1472,1493,846,412,1687,1922,3418,2008,149,1667,758,1700,372,1899,397,3121,1788,1873,2020,971,2179,679,2936,2089,2462,891,1648,524,1756,1276,1780,1094,1303,0,1000,2356,2346,3230,0,1007,3410,5037,1285,776,659,994,1209,1052,0,2352,2325,2061,2829,1326,0,753,772,1063,764,1882,1459,0,2345,439,1269,2502,1275,2663,213,2575,1208,1887,1838,403,1758,1396,2493,2647,1835,3744,2592,368,1250,0,1040,1324,1840,481,847,803,1888,429,866,0,1748,2098,806,0,1036,894,1019,590,428,2566,0,0,183,2281,315,1243,1948,231,1224,1087,818,1782,0,1717,461,626,916,800,1632,1821,828,1822,1333,1255,452,1458,1416,971,1179,454,392,1981,1509,781,815,2304,285,0,313,986,230,493,3449,728,1777,921,416,568,337,1095,0,1227,3165,1916,1396,400,1743,421,638,1866,0,654,2176,1354,163,643,1064,1741,457,1673,1262,553,0,483,764,0,331,1777,1398,282,1090,302,419,1188,3070,2088,532,3215,0,932,268,2421,430,185,361,0,2084,246,337,179,358,861,201,200,688,313,1425,256,354,15,0,183,111,811,1166,1460,0,2328,1021,0,740,751,133,1184,392,965,6937,3167,0,2767,0,0,0,0,0,0,458,0,0,0,3106,199,2181,0,0,422,313,1978,121,0,0,0,84,0,2075,640,278,0,265,157,494,239,426,461,563,801,679,78,401,382,458,257,325,702,273,243,271,323,51,642,473,844,989,140,1141,195,171,226,465,364,178,105,197,169,55,281,319,124,192,377,190,106,47,131,199,166,164,146,162,61,301,48,95,739,1262,109,127,67,125,58,143,106,157,133,119,198,1070,1160,152,71,129,179,67,42,74,164,146,0,1233,1194,0,1063,0,1248,686,959,871,2543,1017,1015,0,483,1407,857,403,743,97,1629,0,802,666,1518,1161,703,499,282,763,1339,893,1190,507,325,286,156,926,2337,1633,510,1041,234,1091,3267,141,125,1366,618,1129,289,247,661,711,2028,958,755,1044,0,169,86,805,1364,111,379,697,634,382,255,547,373,133,418,2525,494,1563,0,0,0,0,0,0,0,0,0,0,0,0,0,0,0,0
2016-03-31,1891,3181,7721,2529,4586,3692,1633,4015,0,1894,3389,3921,4730,3638,5561,2889,4426,3316,853,0,1289,0,0,3513,3209,3195,3887,5987,2162,3650,3757,2069,1210,653,2259,2782,2111,0,3452,1820,4117,2900,3534,1777,3866,983,2755,0,1725,6888,1676,1033,2729,1440,2344,1501,3640,3720,3552,5232,3359,1975,2566,2838,2823,3498,585,0,5437,849,2839,2698,2756,3303,4177,5598,2823,4385,302,0,3840,4253,1621,1085,5944,4754,4498,1246,1575,4023,0,3615,3373,2182,2996,4507,3220,3739,2670,0,1366,3849,0,0,2695,724,3507,1161,1942,4360,2484,2537,1396,807,3141,3196,5508,3225,274,2521,0,2224,593,3438,1441,5218,3340,2942,2742,1862,3847,1053,6006,3295,3788,1252,2594,776,3009,2386,3050,1545,2220,0,2024,3479,3652,5416,0,1721,5242,7493,2332,1415,1244,2227,1780,1860,0,3826,3659,3229,4578,2434,0,1370,1679,1791,1539,2686,2252,0,3003,751,2130,3764,1955,4294,434,4517,1909,2873,3167,1098,3035,2289,4037,4501,2770,5790,4642,804,1950,0,1451,2164,3535,1085,1633,1385,2900,796,1663,0,3119,3268,1467,0,1758,1365,1257,1171,793,3781,0,0,315,3548,487,1955,3220,375,2483,1582,1401,2876,0,3251,615,1102,2286,1251,2660,2798,1331,2792,2367,2003,791,2174,2211,1757,1775,747,723,3230,2241,998,1189,3484,422,0,566,2082,401,823,5317,1618,2954,1404,611,1035,591,2145,0,2218,4773,4842,2204,684,3064,681,967,4184,0,749,3427,1981,356,1046,1982,2425,856,2498,1859,685,0,977,1436,0,494,2988,2195,500,1698,390,649,1797,4736,3313,910,4395,0,1420,512,4718,740,386,533,0,3504,746,496,312,514,1330,325,334,1128,538,2434,428,848,52,0,272,216,1215,2163,2100,0,3227,1723,0,791,1534,200,2134,633,2193,11634,3209,0,4239,0,0,0,0,0,0,590,0,0,0,5280,519,3341,0,0,871,553,3624,320,0,0,0,236,0,3208,1044,523,0,546,236,794,410,999,771,999,1203,1119,137,642,589,815,456,591,1248,398,355,585,554,128,1089,768,1612,1433,185,1783,409,336,433,664,543,405,211,275,298,104,442,561,229,289,703,274,197,149,209,285,199,289,242,264,124,517,70,118,1004,1936,223,191,106,192,125,237,165,230,227,68,320,1593,2019,295,113,180,234,132,93,89,233,239,0,2038,2411,0,1765,0,2268,1262,1604,1220,4050,1761,1664,0,1088,2251,1699,793,1264,208,2455,0,1509,1504,2402,2107,1380,759,656,1212,2320,1423,1888,1361,556,512,335,1532,4170,2526,937,2360,425,2580,5627,261,159,3399,1112,2737,549,526,1176,1583,2800,1524,1290,1731,0,262,182,1289,2069,160,672,996,1103,609,610,979,772,240,822,3905,5,2755,409,72,137,0,0,0,0,0,0,0,0,0,0,0,0,0
2016-04-30,2388,3833,7666,3219,5327,4157,1794,4169,0,1928,3725,3884,5011,3933,5653,3125,4861,3452,1150,0,1557,0,0,2223,3837,3434,4329,6162,2883,3934,3958,1957,1456,704,2387,3532,2139,0,3885,2042,4980,2814,3971,2041,4502,941,2916,0,1753,7731,1736,1342,3093,1609,2483,1559,3586,4126,3656,4993,3564,1865,2554,3099,3465,3938,714,0,6303,891,3276,2815,1460,3224,4625,6356,2779,4783,341,0,3237,4752,0,1162,7884,4558,4493,1287,1918,4325,0,3809,3704,2246,3148,4417,3740,3566,2762,0,2065,4276,0,0,3214,833,4683,1446,2330,5371,2498,2684,1534,1083,3737,2027,6243,3139,356,2617,0,2532,644,3915,1812,5341,4174,3032,3603,2211,4098,1189,7787,3189,4096,1278,2595,857,3188,2710,3300,1543,2705,0,2092,3157,4252,5796,0,1638,5190,7793,2706,1559,1443,2853,1796,2004,0,4034,3727,3412,4741,2632,0,1622,1793,2179,1735,2489,2412,0,3586,1145,2032,3812,2035,4311,536,5378,1940,3107,3324,1289,2977,2381,4307,4343,3038,5975,4703,1412,2216,0,1584,2497,4608,1175,1607,1517,3153,829,1951,0,2833,4554,1750,0,1703,1341,1324,994,987,3872,0,0,368,3491,587,2295,3563,543,3568,1501,1565,3069,0,3573,727,1361,2150,1507,2795,3144,1374,3070,2718,1983,816,2432,1939,1989,2714,769,949,3656,2385,1045,1437,3442,539,0,607,2379,426,894,4688,1723,3214,1347,772,1291,635,2716,0,2608,5403,5950,2564,884,3458,856,1144,5982,0,892,3727,2231,539,1160,2803,2615,1040,2476,1902,772,0,0,1485,0,539,2866,1982,556,2205,394,838,1741,5739,3405,848,5143,0,1436,654,5502,821,504,600,0,3810,750,495,340,509,1241,444,461,1067,614,2719,477,1090,46,0,194,196,1445,2377,2066,0,3179,1936,0,0,1792,210,2512,664,2406,11563,2917,0,4282,0,0,0,0,0,0,686,0,0,0,5073,804,3252,0,0,916,594,4183,810,0,0,0,430,0,3435,1165,650,0,710,285,1063,540,1278,844,971,1315,1394,170,694,728,854,490,619,1484,559,383,687,744,170,1232,940,1539,0,218,1939,475,418,439,800,552,462,302,375,355,150,540,578,270,280,879,365,250,151,255,349,193,340,264,300,123,570,81,153,1174,2333,206,264,103,267,160,268,168,205,258,153,371,1698,2061,311,166,191,319,132,130,133,249,310,0,2238,3093,0,2473,0,2643,1297,1779,1224,4304,2066,1983,0,1334,2608,2122,1227,1497,185,2885,0,1956,1957,2957,2564,1618,968,682,1509,2943,1580,2824,1487,703,574,463,1469,4763,2803,1180,3220,515,3060,6218,400,20,4091,1366,3628,692,742,1405,2112,2956,1605,1609,1620,0,289,226,1613,3739,222,808,1241,1237,644,1004,1204,868,268,1098,4028,115,2943,0,459,692,2613,918,122,310,0,0,0,0,0,0,0,0,0
2016-05-31,2808,6253,9246,4317,5920,5033,2109,5179,0,2459,4582,4703,5548,4594,6471,3627,7464,3933,1273,0,1919,0,0,592,4524,3899,4580,7570,3755,4422,4454,2307,1956,837,2854,4809,2424,0,4572,2363,5455,3339,4512,2549,4809,1063,3510,0,2203,9036,2272,1578,3755,2237,3289,1776,3702,4900,4825,5781,4254,2423,3548,3958,4560,4867,885,0,7566,1035,4412,3545,2769,4094,5341,7651,3149,6516,558,0,0,5856,0,1399,9002,0,5336,1493,1728,5466,0,4518,4192,2591,3763,5404,4932,4497,3343,0,2627,5027,0,0,3557,901,5484,1619,2806,6099,3014,3234,1849,1271,4443,441,7356,3689,381,3045,0,2862,682,4577,2515,6322,5181,3800,5516,2676,4561,1362,10128,3515,4882,1508,2863,1372,3805,3404,3858,83,3522,0,2305,3135,5362,7280,0,2152,6543,9220,3017,2113,1575,3330,2115,2388,0,4619,5192,3982,4200,3439,0,1963,2009,2455,2008,2778,2618,0,4412,1302,2573,4298,2424,5357,612,6918,2352,3751,3897,1718,3322,2740,5081,5201,3259,7270,5722,1557,2678,0,2041,2988,5201,1407,1907,1848,3657,1022,2145,0,3668,5754,2039,0,2124,1563,1604,1462,1250,4294,0,0,450,4164,720,2647,3662,747,4712,2136,1769,3692,0,4278,803,1342,3135,1767,3176,3765,1564,3747,3715,2290,1028,2717,742,2409,3608,932,1006,4211,2752,1224,1509,4150,661,0,737,3104,472,1060,5417,2286,3982,1666,670,1583,749,3056,0,3230,7042,7434,3397,970,3926,938,1384,7699,0,1083,4169,2678,800,1463,4017,3015,1205,2989,2120,857,0,0,1927,0,611,3404,2529,562,2623,395,844,1836,6560,4006,1119,6598,0,1519,735,7236,916,728,656,0,3702,1241,585,422,535,1528,514,523,1225,760,3161,646,1439,58,0,350,218,1515,2955,2435,0,3648,2338,0,0,2062,360,3218,791,3414,12775,3731,0,5415,0,0,0,0,0,0,776,0,0,0,2731,890,3827,0,0,925,758,5600,1154,0,9,0,476,479,4087,1354,691,0,852,338,1115,635,1648,1069,1160,1790,1828,212,864,853,1019,648,761,1796,719,440,992,1055,168,1679,1211,2036,0,441,2377,585,547,595,977,177,506,370,519,404,248,663,783,296,316,1018,473,330,257,333,339,264,448,325,341,189,752,137,184,1124,2627,275,357,107,347,196,288,220,261,301,220,488,1941,2335,394,223,273,391,215,142,192,337,281,0,2814,4144,0,3315,0,3055,1751,2085,1755,5527,2691,2310,0,1543,3254,2653,1767,1814,240,3473,0,2222,2457,3555,3350,1813,1313,1028,2246,3572,1806,3465,1969,908,824,595,1670,5645,3418,1965,4545,540,4040,7526,452,0,5193,1574,5094,1093,1042,1751,2524,3577,2167,1966,1893,0,365,292,2083,4147,263,906,1643,1530,904,1189,1355,1139,299,1447,4674,1187,2895,0,684,928,2922,1185,197,901,62,20,2859,394,0,0,0,0,0
2016-06-30,3399,7370,10130,4566,7420,5775,2429,6037,0,3054,5719,5455,6564,5060,7250,4555,7720,4711,1553,0,2078,0,0,4654,5292,4436,5564,7946,5499,5271,5226,2867,2689,1131,3787,4521,3030,0,5304,2883,6063,4000,5129,3104,5737,1376,4231,0,2816,11268,2654,1754,4841,2764,3672,1941,3639,5618,5576,7167,5259,2986,3986,6639,6337,4805,977,0,8889,1297,5729,3862,3887,4612,5954,9559,3463,7306,608,0,0,6831,75,1577,11700,3546,6856,1872,2272,6680,0,5080,4980,3323,4528,6645,5014,5580,4051,0,2855,5999,0,0,4132,1234,6742,1610,3248,7113,3916,3545,2238,1658,5557,4562,9118,4514,422,3529,0,3591,770,5661,2787,7605,4567,4603,6766,3175,5456,1564,12328,4443,5784,1833,3527,1768,4385,3849,4242,0,4363,0,3477,4426,5968,8154,0,2481,7654,10634,3392,2643,1851,3815,2627,2761,0,5530,6240,4474,4241,4069,0,2333,2482,3119,2690,3129,3095,0,5131,1486,2970,5619,2915,6162,864,8231,2587,4339,4528,2228,3526,3141,5971,6281,3842,9065,7071,1878,2936,0,2424,3475,5938,1854,2313,2324,4798,1304,2420,0,4189,6301,2537,0,2542,1955,1851,1815,1863,5543,0,0,536,5192,803,3491,4259,808,6257,2530,2152,4119,0,5202,1110,502,3599,2212,4000,4684,1827,4034,4881,2542,1333,3035,2882,2814,3753,1155,1221,5429,3147,1411,2082,2206,855,0,1047,3835,606,1225,5755,2967,4099,1988,771,1976,987,3640,0,4128,8006,8110,4342,1308,4996,1182,1763,10177,0,1298,5030,2818,827,1609,3120,3109,1484,3788,2575,1135,0,0,2286,0,812,3891,3142,730,2739,563,892,2271,7729,4445,1408,8452,0,1622,957,8840,1145,1030,927,0,0,1396,682,485,703,2032,700,583,1412,863,3876,814,1585,53,0,440,262,1882,3377,2738,0,4885,2899,0,0,2915,447,4182,827,4043,15757,4285,0,6229,0,0,0,0,0,0,916,0,0,0,0,574,4502,0,0,1021,911,6408,1187,0,0,0,589,1099,4884,1724,978,0,1096,465,1474,851,2235,1466,1576,2451,2271,331,1250,1365,1390,860,1084,2432,1046,724,1277,1390,226,2118,1451,2466,0,629,3030,747,723,832,1212,0,665,558,757,539,241,844,1116,345,357,1226,657,399,306,467,465,375,595,382,416,281,989,208,226,1460,3431,411,539,193,486,275,441,344,320,435,340,654,2453,2839,420,242,398,479,329,146,259,460,451,0,3405,6303,0,4284,0,3483,2142,2508,1972,6340,3143,2938,0,1585,3901,2976,2702,2357,359,4132,0,2619,2028,4444,4194,2173,1814,912,738,4503,2324,4201,2660,1252,119,707,1657,6654,4006,2364,4693,678,5033,8777,726,0,6283,2231,5414,1370,1415,2288,3495,3948,2470,2568,2354,0,344,410,2422,4497,300,1455,1961,1894,1108,1215,1518,1568,404,1684,5426,1623,3431,0,1021,1384,3838,1860,281,1036,0,0,7009,1109,665,2470,178,852,615
